timestamp,File Name,a_left_backPose,b_left_backPose,c_left_backPose, ASSEMBLY1_BIMANUAL
1.644931908917618e+18,frame_704.jpeg,4353.0,2557.0,6583.0,1
1.644931908917618e+18,frame_705.jpeg,4353.0,2557.0,6583.0,1
1.644931909031696e+18,frame_706.jpeg,4416.0,2406.0,6384.0,1
1.644931909031696e+18,frame_707.jpeg,4416.0,2406.0,6384.0,1
1.644931909031696e+18,frame_708.jpeg,4416.0,2406.0,6384.0,1
1.6449319091661225e+18,frame_709.jpeg,3983.0,2561.0,6180.0,1
1.6449319092104502e+18,frame_710.jpeg,3693.0,2561.0,6093.0,1
1.6449319092682388e+18,frame_711.jpeg,3839.0,2425.0,5965.0,1
1.6449319092682388e+18,frame_712.jpeg,3839.0,2425.0,5965.0,1
1.6449319093650527e+18,frame_713.jpeg,3823.0,2437.0,5903.0,1
1.6449319093650527e+18,frame_714.jpeg,3823.0,2437.0,5903.0,1
1.6449319094594186e+18,frame_715.jpeg,3685.0,2442.0,5807.0,1
1.6449319094594186e+18,frame_716.jpeg,3685.0,2442.0,5807.0,1
1.6449319094594186e+18,frame_717.jpeg,3685.0,2442.0,5807.0,1
1.6449319094594186e+18,frame_718.jpeg,3685.0,2442.0,5807.0,1
1.6449319094594186e+18,frame_719.jpeg,3685.0,2442.0,5807.0,1
1.6449319098899377e+18,frame_720.jpeg,3743.0,2665.0,5683.0,1
1.6449319098899377e+18,frame_721.jpeg,3743.0,2665.0,5683.0,1
1.6449319098899377e+18,frame_722.jpeg,3743.0,2665.0,5683.0,1
1.6449319098899377e+18,frame_723.jpeg,3743.0,2665.0,5683.0,1
1.6449319098899377e+18,frame_724.jpeg,3743.0,2665.0,5683.0,1
1.6449319099597164e+18,frame_725.jpeg,3758.0,2797.0,5799.0,1
1.6449319099597164e+18,frame_726.jpeg,3758.0,2797.0,5799.0,1
1.6449319099597164e+18,frame_727.jpeg,3758.0,2797.0,5799.0,1
1.6449319099597164e+18,frame_728.jpeg,3758.0,2797.0,5799.0,1
1.6449319103045993e+18,frame_729.jpeg,3748.0,2987.0,5827.0,1
1.6449319103045993e+18,frame_730.jpeg,3748.0,2987.0,5827.0,1
1.6449319103045993e+18,frame_731.jpeg,3748.0,2987.0,5827.0,1
1.6449319103045993e+18,frame_732.jpeg,3748.0,2987.0,5827.0,1
1.6449319103465446e+18,frame_733.jpeg,3784.0,3180.0,6204.0,1
1.644931910390894e+18,frame_734.jpeg,3625.0,3491.0,7110.0,1
1.64493191043965e+18,frame_735.jpeg,4592.0,2250.0,6177.0,1
1.6449319104941903e+18,frame_736.jpeg,4997.0,1830.0,5935.0,1
1.644931910536667e+18,frame_737.jpeg,5071.0,1664.0,5938.0,1
1.6449319106176479e+18,frame_738.jpeg,5226.0,1815.0,5865.0,1
1.6449319106176479e+18,frame_739.jpeg,5226.0,1815.0,5865.0,1
1.6449319106989837e+18,frame_740.jpeg,5287.0,1920.0,5771.0,1
1.6449319106989837e+18,frame_741.jpeg,5287.0,1920.0,5771.0,1
1.6449319108201362e+18,frame_742.jpeg,5398.0,1880.0,5754.0,1
1.6449319108201362e+18,frame_743.jpeg,5398.0,1880.0,5754.0,1
1.644931910913355e+18,frame_744.jpeg,5546.0,1870.0,5755.0,1
1.644931910913355e+18,frame_745.jpeg,5546.0,1870.0,5755.0,1
1.6449319109942385e+18,frame_746.jpeg,5608.0,1942.0,5781.0,1
1.6449319110450289e+18,frame_747.jpeg,5574.0,1996.0,5650.0,1
1.6449319111135634e+18,frame_748.jpeg,5620.0,1864.0,5672.0,1
1.6449319111135634e+18,frame_749.jpeg,5620.0,1864.0,5672.0,1
1.6449319112516956e+18,frame_750.jpeg,5738.0,1778.0,5629.0,1
1.6449319112516956e+18,frame_751.jpeg,5738.0,1778.0,5629.0,1
1.6449319113119452e+18,frame_752.jpeg,5696.0,1735.0,5609.0,1
1.6449319113119452e+18,frame_753.jpeg,5696.0,1735.0,5609.0,1
1.6449319114487693e+18,frame_754.jpeg,5606.0,1721.0,5631.0,1
1.6449319114487693e+18,frame_755.jpeg,5606.0,1721.0,5631.0,1
1.6449319115363988e+18,frame_756.jpeg,5594.0,1679.0,5608.0,1
1.6449319115461217e+18,frame_757.jpeg,5598.0,1545.0,5559.0,1
1.6449319115931323e+18,frame_758.jpeg,6111.0,3181.0,4847.0,1
1.64493191164708e+18,frame_759.jpeg,6285.0,2979.0,4486.0,1
1.6449319116951862e+18,frame_760.jpeg,6254.0,3108.0,4431.0,1
1.6449319117439562e+18,frame_761.jpeg,6229.0,3166.0,4369.0,1
1.644931911792001e+18,frame_762.jpeg,6034.0,3184.0,4228.0,1
1.6449319118454e+18,frame_763.jpeg,6214.0,3013.0,4008.0,1
1.6449319118943286e+18,frame_764.jpeg,6244.0,2986.0,4025.0,1
1.6449319119758052e+18,frame_765.jpeg,6237.0,2959.0,4057.0,1
1.6449319119758052e+18,frame_766.jpeg,6237.0,2959.0,4057.0,1
1.644931912032347e+18,frame_767.jpeg,6267.0,2985.0,4084.0,1
1.644931912032347e+18,frame_768.jpeg,6267.0,2985.0,4084.0,1
1.644931912032347e+18,frame_769.jpeg,6267.0,2985.0,4084.0,1
1.6449319122696015e+18,frame_770.jpeg,6300.0,3044.0,4099.0,1
1.6449319122696015e+18,frame_771.jpeg,6300.0,3044.0,4099.0,1
1.6449319122696015e+18,frame_772.jpeg,6300.0,3044.0,4099.0,1
1.6449319123818173e+18,frame_773.jpeg,6273.0,3089.0,4133.0,1
1.6449319123818173e+18,frame_774.jpeg,6273.0,3089.0,4133.0,1
1.6449319123818173e+18,frame_775.jpeg,6273.0,3089.0,4133.0,1
1.6449319125328558e+18,frame_776.jpeg,6267.0,3090.0,4160.0,1
1.6449319125328558e+18,frame_777.jpeg,6267.0,3090.0,4160.0,1
1.6449319126489444e+18,frame_778.jpeg,6290.0,3072.0,4169.0,1
1.6449319126489444e+18,frame_779.jpeg,6290.0,3072.0,4169.0,1
1.6449319126965476e+18,frame_780.jpeg,6279.0,3071.0,4191.0,1
1.644931912788354e+18,frame_781.jpeg,6270.0,3090.0,4223.0,1
1.644931912788354e+18,frame_782.jpeg,6270.0,3090.0,4223.0,1
1.644931912880009e+18,frame_783.jpeg,6269.0,3117.0,4229.0,1
1.644931912880009e+18,frame_784.jpeg,6269.0,3117.0,4229.0,1
1.644931912919547e+18,frame_785.jpeg,6259.0,3123.0,4228.0,1
1.6449319129842765e+18,frame_786.jpeg,6284.0,3132.0,4223.0,1
1.6449319130306176e+18,frame_787.jpeg,6311.0,3140.0,4189.0,1
1.6449319130975286e+18,frame_788.jpeg,6327.0,3144.0,4149.0,1
1.6449319131809306e+18,frame_789.jpeg,6364.0,3117.0,4114.0,1
1.644931913214958e+18,frame_790.jpeg,6357.0,3099.0,4085.0,1
1.644931913272651e+18,frame_791.jpeg,6299.0,3109.0,4083.0,1
1.644931913295704e+18,frame_792.jpeg,6258.0,3124.0,4094.0,1
1.6449319133805504e+18,frame_793.jpeg,6245.0,3122.0,4095.0,1
1.6449319133805504e+18,frame_794.jpeg,6245.0,3122.0,4095.0,1
1.6449319134280253e+18,frame_795.jpeg,6230.0,3125.0,4105.0,1
1.6449319135026112e+18,frame_796.jpeg,6213.0,3130.0,4122.0,1
1.6449319135377777e+18,frame_797.jpeg,6212.0,3120.0,4133.0,1
1.6449319136011123e+18,frame_798.jpeg,6240.0,3110.0,4132.0,1
1.6449319136365501e+18,frame_799.jpeg,6273.0,3125.0,4118.0,1
1.6449319136958246e+18,frame_800.jpeg,6227.0,3934.0,3864.0,1
1.644931913754529e+18,frame_801.jpeg,6690.0,3523.0,3356.0,1
1.6449319137864604e+18,frame_802.jpeg,7575.0,2618.0,1161.0,1
1.6449319138238833e+18,frame_803.jpeg,7900.0,4317.0,3086.0,1
1.6449319138942986e+18,frame_804.jpeg,7257.0,4515.0,3960.0,1
1.6449319139435743e+18,frame_805.jpeg,6939.0,4394.0,3990.0,1
1.6449319139898202e+18,frame_806.jpeg,6789.0,4332.0,3990.0,1
1.6449319140420198e+18,frame_807.jpeg,6623.0,4272.0,3970.0,1
1.6449319141073267e+18,frame_808.jpeg,6437.0,4207.0,3940.0,1
1.6449319141397755e+18,frame_809.jpeg,6257.0,4110.0,3923.0,1
1.644931914200818e+18,frame_810.jpeg,6068.0,3985.0,3914.0,1
1.6449319142399785e+18,frame_811.jpeg,5902.0,3871.0,3915.0,1
1.644931914286476e+18,frame_812.jpeg,5777.0,3787.0,3913.0,1
1.6449319143524183e+18,frame_813.jpeg,5652.0,3737.0,3922.0,1
1.644931914383547e+18,frame_814.jpeg,5508.0,3709.0,3934.0,1
1.6449319144593382e+18,frame_815.jpeg,5383.0,3685.0,3946.0,1
1.6449319144956902e+18,frame_816.jpeg,5288.0,3652.0,3961.0,1
1.6449319145237668e+18,frame_817.jpeg,5259.0,3619.0,3964.0,1
1.6449319145929267e+18,frame_818.jpeg,5309.0,3612.0,3956.0,1
1.6449319146591222e+18,frame_819.jpeg,5710.0,3760.0,3893.0,1
1.6449319146591222e+18,frame_820.jpeg,5710.0,3760.0,3893.0,1
1.644931914745514e+18,frame_821.jpeg,5842.0,3912.0,3869.0,1
1.644931914790361e+18,frame_822.jpeg,5730.0,4126.0,3870.0,1
1.6449319148610496e+18,frame_823.jpeg,5186.0,4161.0,4209.0,1
1.6449319149045522e+18,frame_824.jpeg,5111.0,4181.0,4222.0,1
1.6449319149359283e+18,frame_825.jpeg,5060.0,4210.0,4257.0,1
1.6449319149775565e+18,frame_826.jpeg,5050.0,4250.0,4297.0,1
1.644931915027666e+18,frame_827.jpeg,5075.0,4278.0,4336.0,1
1.6449319151097106e+18,frame_828.jpeg,5148.0,4289.0,4375.0,1
1.6449319151444001e+18,frame_829.jpeg,5262.0,4303.0,4430.0,1
1.644931915193757e+18,frame_830.jpeg,5302.0,3712.0,4795.0,1
1.6449319152655764e+18,frame_831.jpeg,4987.0,4157.0,5483.0,1
1.6449319152655764e+18,frame_832.jpeg,4987.0,4157.0,5483.0,1
1.644931915327522e+18,frame_833.jpeg,4641.0,4491.0,5892.0,1
1.644931915407701e+18,frame_834.jpeg,4689.0,4246.0,5755.0,1
1.6449319154498721e+18,frame_835.jpeg,6626.0,2209.0,3817.0,1
1.6449319154972675e+18,frame_836.jpeg,4823.0,3829.0,5509.0,1
1.6449319155483753e+18,frame_837.jpeg,4533.0,4353.0,5431.0,1
1.644931915606803e+18,frame_838.jpeg,4101.0,4216.0,5557.0,1
1.6449319156403192e+18,frame_839.jpeg,4256.0,4312.0,5497.0,1
1.6449319156747118e+18,frame_840.jpeg,4542.0,4233.0,5367.0,1
1.644931915822744e+18,frame_841.jpeg,4445.0,4204.0,5403.0,1
1.644931915822744e+18,frame_842.jpeg,4445.0,4204.0,5403.0,1
1.644931915851435e+18,frame_843.jpeg,4128.0,4007.0,5478.0,1
1.6449319158541215e+18,frame_844.jpeg,4181.0,4015.0,5468.0,1
1.6449319159489344e+18,frame_845.jpeg,4211.0,4019.0,5466.0,1
1.6449319159823442e+18,frame_846.jpeg,5064.0,3296.0,5327.0,1
1.64493191605035e+18,frame_847.jpeg,4881.0,3593.0,5663.0,1
1.644931916092249e+18,frame_848.jpeg,5005.0,3361.0,5377.0,1
1.6449319161506668e+18,frame_849.jpeg,5187.0,3346.0,5370.0,1
1.6449319161987256e+18,frame_850.jpeg,4912.0,3810.0,5836.0,1
1.644931916228601e+18,frame_851.jpeg,4986.0,3793.0,5892.0,1
1.6449319162894264e+18,frame_852.jpeg,5055.0,3813.0,5882.0,1
1.6449319163499702e+18,frame_853.jpeg,4876.0,3519.0,5527.0,1
1.644931916401233e+18,frame_854.jpeg,5638.0,3501.0,5311.0,1
1.6449319164497108e+18,frame_855.jpeg,6344.0,3470.0,5140.0,1
1.6449319164985876e+18,frame_856.jpeg,6212.0,3292.0,4834.0,1
1.6449319165603284e+18,frame_857.jpeg,6037.0,2880.0,4668.0,1
1.6449319165989402e+18,frame_858.jpeg,5796.0,2968.0,4616.0,1
1.6449319166180165e+18,frame_859.jpeg,5558.0,3600.0,4934.0,1
1.644931916680127e+18,frame_860.jpeg,5571.0,3345.0,5058.0,1
1.644931916814605e+18,frame_861.jpeg,5632.0,3137.0,5004.0,1
1.644931916814605e+18,frame_862.jpeg,5632.0,3137.0,5004.0,1
1.644931916814605e+18,frame_863.jpeg,5632.0,3137.0,5004.0,1
1.644931916814605e+18,frame_864.jpeg,5632.0,3137.0,5004.0,1
1.6449319170251256e+18,frame_865.jpeg,6135.0,2845.0,4564.0,1
1.6449319170251256e+18,frame_866.jpeg,6135.0,2845.0,4564.0,1
1.644931917047377e+18,frame_867.jpeg,6325.0,2706.0,4237.0,1
1.6449319170993262e+18,frame_868.jpeg,6073.0,3167.0,4492.0,1
1.644931917148433e+18,frame_869.jpeg,5820.0,3194.0,4559.0,1
1.644931917203365e+18,frame_870.jpeg,5574.0,3386.0,4850.0,1
1.64493191725032e+18,frame_871.jpeg,5077.0,3387.0,5381.0,1
1.6449319172778237e+18,frame_872.jpeg,4846.0,3383.0,5626.0,1
1.6449319172778237e+18,frame_873.jpeg,4846.0,3383.0,5626.0,1
1.6449319174712957e+18,frame_874.jpeg,4786.0,3392.0,5652.0,1
1.6449319174712957e+18,frame_875.jpeg,4786.0,3392.0,5652.0,1
1.6449319175076132e+18,frame_876.jpeg,4509.0,3527.0,5754.0,1
1.644931917548992e+18,frame_877.jpeg,4430.0,4271.0,6278.0,1
1.6449319176004408e+18,frame_878.jpeg,4295.0,4029.0,6358.0,1
1.6449319176004408e+18,frame_879.jpeg,4295.0,4029.0,6358.0,1
1.6449319176004408e+18,frame_880.jpeg,4295.0,4029.0,6358.0,1
1.6449319176004408e+18,frame_881.jpeg,4295.0,4029.0,6358.0,1
1.644931917911034e+18,frame_882.jpeg,4386.0,3987.0,6288.0,1
1.644931917911034e+18,frame_883.jpeg,4386.0,3987.0,6288.0,1
1.644931917911034e+18,frame_884.jpeg,4386.0,3987.0,6288.0,1
1.64493191795614e+18,frame_885.jpeg,5281.0,3705.0,5632.0,1
1.6449319180040763e+18,frame_886.jpeg,5393.0,3338.0,5325.0,1
1.6449319180616602e+18,frame_887.jpeg,4330.0,2533.0,6662.0,1
1.6449319181034803e+18,frame_888.jpeg,2662.0,2956.0,7485.0,1
1.6449319181548365e+18,frame_889.jpeg,2264.0,1672.0,8354.0,1
1.6449319182017608e+18,frame_890.jpeg,2122.0,528.0,8153.0,1
1.6449319182493652e+18,frame_891.jpeg,1986.0,350.0,8501.0,1
1.6449319183014904e+18,frame_892.jpeg,1657.0,-551.0,8662.0,1
1.644931918353604e+18,frame_893.jpeg,1855.0,-1855.0,8120.0,1
1.644931918404858e+18,frame_894.jpeg,1602.0,-2206.0,7963.0,1
1.644931918453169e+18,frame_895.jpeg,1334.0,-2746.0,8062.0,1
1.6449319185023478e+18,frame_896.jpeg,1240.0,-2910.0,7572.0,1
1.644931918556088e+18,frame_897.jpeg,2672.0,-2649.0,7390.0,1
1.644931918607537e+18,frame_898.jpeg,3277.0,-2696.0,7130.0,1
1.6449319186410035e+18,frame_899.jpeg,2349.0,-2624.0,7136.0,1
1.6449319187357998e+18,frame_900.jpeg,2606.0,-2601.0,7258.0,1
1.644931918752083e+18,frame_901.jpeg,2947.0,-1670.0,7827.0,1
1.6449319187999409e+18,frame_902.jpeg,3157.0,-2584.0,6205.0,1
1.6449319188507663e+18,frame_903.jpeg,2673.0,244.0,8114.0,1
1.6449319189028628e+18,frame_904.jpeg,1586.0,336.0,8855.0,1
1.6449319189532984e+18,frame_905.jpeg,463.0,1151.0,9191.0,1
1.6449319189986568e+18,frame_906.jpeg,12.0,692.0,9000.0,1
1.6449319190534006e+18,frame_907.jpeg,-104.0,428.0,9131.0,1
1.6449319191168556e+18,frame_908.jpeg,-101.0,-90.0,9313.0,1
1.6449319191595284e+18,frame_909.jpeg,223.0,-391.0,9094.0,1
1.6449319192017242e+18,frame_910.jpeg,336.0,-929.0,8646.0,1
1.6449319192554693e+18,frame_911.jpeg,637.0,-1263.0,8245.0,1
1.6449319193181076e+18,frame_912.jpeg,1017.0,-1561.0,7718.0,1
1.6449319193472758e+18,frame_913.jpeg,468.0,-1663.0,7599.0,1
1.6449319194238538e+18,frame_914.jpeg,321.0,-1766.0,7550.0,1
1.644931919453117e+18,frame_915.jpeg,390.0,-1955.0,7239.0,1
1.644931919508493e+18,frame_916.jpeg,-232.0,-1821.0,8279.0,1
1.6449319195546719e+18,frame_917.jpeg,-664.0,-2086.0,8493.0,1
1.6449319196088996e+18,frame_918.jpeg,-451.0,-1837.0,7991.0,1
1.644931919654951e+18,frame_919.jpeg,455.0,-2198.0,8047.0,1
1.644931919705828e+18,frame_920.jpeg,512.0,-2101.0,8028.0,1
1.6449319197516564e+18,frame_921.jpeg,513.0,-2066.0,7768.0,1
1.6449319198073247e+18,frame_922.jpeg,753.0,-1705.0,8114.0,1
1.6449319198557286e+18,frame_923.jpeg,672.0,-1890.0,8332.0,1
1.6449319199065132e+18,frame_924.jpeg,507.0,-2047.0,8005.0,1
1.6449319199556124e+18,frame_925.jpeg,582.0,-1932.0,8346.0,1
1.644931920004169e+18,frame_926.jpeg,821.0,-2091.0,8266.0,1
1.6449319200517074e+18,frame_927.jpeg,1106.0,-2279.0,8208.0,1
1.6449319201047913e+18,frame_928.jpeg,1201.0,-2245.0,8167.0,1
1.6449319201546995e+18,frame_929.jpeg,1323.0,-2216.0,8119.0,1
1.6449319202052316e+18,frame_930.jpeg,1382.0,-2061.0,8472.0,1
1.6449319202523203e+18,frame_931.jpeg,1468.0,-2160.0,8268.0,1
1.6449319203052383e+18,frame_932.jpeg,1384.0,-2081.0,7866.0,1
1.6449319203546785e+18,frame_933.jpeg,1308.0,-1825.0,7888.0,1
1.64493192040534e+18,frame_934.jpeg,1117.0,-1775.0,7973.0,1
1.6449319204534592e+18,frame_935.jpeg,1010.0,-1551.0,8364.0,1
1.6449319205056886e+18,frame_936.jpeg,1032.0,-1532.0,8497.0,1
1.6449319205542615e+18,frame_937.jpeg,921.0,-1645.0,8574.0,1
1.6449319206053376e+18,frame_938.jpeg,796.0,-1532.0,8462.0,1
1.6449319206545062e+18,frame_939.jpeg,997.0,-1445.0,8256.0,1
1.6449319207044513e+18,frame_940.jpeg,1083.0,-1114.0,8216.0,1
1.644931920754975e+18,frame_941.jpeg,1553.0,-1030.0,8183.0,1
1.6449319208060867e+18,frame_942.jpeg,2226.0,-667.0,8288.0,1
1.6449319208576294e+18,frame_943.jpeg,2852.0,-721.0,7874.0,1
1.6449319209060836e+18,frame_944.jpeg,3683.0,-472.0,7436.0,1
1.6449319209713743e+18,frame_945.jpeg,3112.0,-296.0,7744.0,1
1.644931921001672e+18,frame_946.jpeg,3069.0,-280.0,7782.0,1
1.644931921048981e+18,frame_947.jpeg,3039.0,-262.0,7767.0,1
1.64493192108806e+18,frame_948.jpeg,3009.0,-264.0,7816.0,1
1.6449319211554253e+18,frame_949.jpeg,2890.0,-245.0,7793.0,1
1.6449319212180006e+18,frame_950.jpeg,2772.0,-228.0,7829.0,1
1.6449319212180006e+18,frame_951.jpeg,2772.0,-228.0,7829.0,1
1.6449319212180006e+18,frame_952.jpeg,2772.0,-228.0,7829.0,1
1.6449319214103903e+18,frame_953.jpeg,2746.0,-219.0,7885.0,1
1.6449319214103903e+18,frame_954.jpeg,2746.0,-219.0,7885.0,1
1.6449319214513623e+18,frame_955.jpeg,2769.0,-199.0,7877.0,1
1.6449319214942835e+18,frame_956.jpeg,2873.0,-154.0,7840.0,1
1.644931921525803e+18,frame_957.jpeg,2897.0,-131.0,7847.0,1
1.6449319216225664e+18,frame_958.jpeg,2896.0,-112.0,7852.0,1
1.6449319216641784e+18,frame_959.jpeg,2868.0,-92.0,7838.0,1
1.6449319217304952e+18,frame_960.jpeg,2836.0,-81.0,7836.0,1
1.6449319217760653e+18,frame_961.jpeg,2816.0,-66.0,7843.0,1
1.6449319218046584e+18,frame_962.jpeg,2633.0,-38.0,7720.0,1
1.6449319218589302e+18,frame_963.jpeg,1203.0,466.0,8560.0,1
1.6449319219067092e+18,frame_964.jpeg,1915.0,556.0,8661.0,1
1.6449319219523935e+18,frame_965.jpeg,2127.0,407.0,8460.0,1
1.6449319219835535e+18,frame_966.jpeg,1932.0,353.0,8407.0,1
1.6449319220593462e+18,frame_967.jpeg,1794.0,314.0,8245.0,1
1.6449319221047882e+18,frame_968.jpeg,3119.0,242.0,8271.0,1
1.644931922158255e+18,frame_969.jpeg,2900.0,131.0,6752.0,1
1.6449319222080376e+18,frame_970.jpeg,3871.0,794.0,7262.0,1
1.6449319222563308e+18,frame_971.jpeg,4047.0,748.0,7370.0,1
1.6449319223066394e+18,frame_972.jpeg,4116.0,130.0,6640.0,1
1.6449319223592417e+18,frame_973.jpeg,4686.0,868.0,7272.0,1
1.6449319224075162e+18,frame_974.jpeg,4846.0,898.0,6970.0,1
1.6449319224712443e+18,frame_975.jpeg,4655.0,882.0,6756.0,1
1.6449319225001395e+18,frame_976.jpeg,4788.0,715.0,6561.0,1
1.6449319225624643e+18,frame_977.jpeg,4239.0,802.0,6592.0,1
1.6449319226029256e+18,frame_978.jpeg,4807.0,1489.0,6311.0,1
1.6449319226535508e+18,frame_979.jpeg,4034.0,3208.0,7498.0,1
1.644931922706214e+18,frame_980.jpeg,4004.0,2372.0,7386.0,1
1.6449319227571226e+18,frame_981.jpeg,4533.0,2072.0,6812.0,1
1.6449319228087176e+18,frame_982.jpeg,4813.0,2046.0,6178.0,1
1.644931922853177e+18,frame_983.jpeg,5263.0,2305.0,5842.0,1
1.6449319229110387e+18,frame_984.jpeg,5299.0,2013.0,5720.0,1
1.6449319229586793e+18,frame_985.jpeg,5935.0,2108.0,5477.0,1
1.6449319230075525e+18,frame_986.jpeg,6248.0,2133.0,5548.0,1
1.6449319230388772e+18,frame_987.jpeg,6311.0,1910.0,5293.0,1
1.6449319231223322e+18,frame_988.jpeg,6764.0,2069.0,5083.0,1
1.6449319231427026e+18,frame_989.jpeg,6513.0,1953.0,5153.0,1
1.6449319232346038e+18,frame_990.jpeg,6323.0,1874.0,5178.0,1
1.6449319232540997e+18,frame_991.jpeg,6698.0,777.0,3813.0,1
1.644931923314774e+18,frame_992.jpeg,7454.0,849.0,3560.0,1
1.6449319233625713e+18,frame_993.jpeg,7619.0,837.0,3450.0,1
1.6449319234102436e+18,frame_994.jpeg,6648.0,701.0,3038.0,1
1.6449319234594988e+18,frame_995.jpeg,7068.0,746.0,3141.0,1
1.6449319235105472e+18,frame_996.jpeg,7707.0,305.0,3021.0,1
1.6449319235566065e+18,frame_997.jpeg,8492.0,658.0,2715.0,1
1.6449319236083302e+18,frame_998.jpeg,7680.0,2223.0,3897.0,1
1.6449319236637816e+18,frame_999.jpeg,7397.0,2154.0,3452.0,1
1.6449319237214682e+18,frame_1000.jpeg,8288.0,1423.0,2907.0,1
1.644931923774491e+18,frame_1001.jpeg,8498.0,1159.0,2732.0,1
1.644931923774491e+18,frame_1002.jpeg,8498.0,1159.0,2732.0,1
1.6449319238537393e+18,frame_1003.jpeg,8143.0,1147.0,2806.0,1
1.644931923898792e+18,frame_1004.jpeg,7851.0,1300.0,2912.0,1
1.6449319239900685e+18,frame_1005.jpeg,7788.0,1257.0,2976.0,1
1.6449319239900685e+18,frame_1006.jpeg,7788.0,1257.0,2976.0,1
1.644931924030747e+18,frame_1007.jpeg,7618.0,1095.0,3042.0,1
1.644931924168073e+18,frame_1008.jpeg,7547.0,1041.0,3087.0,1
1.644931924168073e+18,frame_1009.jpeg,7547.0,1041.0,3087.0,1
1.6449319242096978e+18,frame_1010.jpeg,7294.0,952.0,2728.0,1
1.6449319242595226e+18,frame_1011.jpeg,5840.0,3777.0,3493.0,1
1.6449319243099425e+18,frame_1012.jpeg,7083.0,5110.0,3955.0,1
1.6449319243601313e+18,frame_1013.jpeg,4871.0,4070.0,4283.0,1
1.6449319244161784e+18,frame_1014.jpeg,6449.0,5482.0,4542.0,1
1.6449319244605586e+18,frame_1015.jpeg,5575.0,5722.0,4118.0,1
1.6449319245094275e+18,frame_1016.jpeg,4900.0,5769.0,3201.0,1
1.6449319245597036e+18,frame_1017.jpeg,5173.0,5843.0,3323.0,1
1.6449319246097485e+18,frame_1018.jpeg,4860.0,5774.0,2666.0,1
1.6449319246636221e+18,frame_1019.jpeg,5373.0,6319.0,2652.0,1
1.6449319247109814e+18,frame_1020.jpeg,4441.0,6123.0,2701.0,1
1.644931924765089e+18,frame_1021.jpeg,5061.0,6035.0,2171.0,1
1.6449319248112425e+18,frame_1022.jpeg,5478.0,5785.0,2120.0,1
1.6449319248649252e+18,frame_1023.jpeg,5449.0,5409.0,1928.0,1
1.6449319249104143e+18,frame_1024.jpeg,5970.0,5453.0,1718.0,1
1.644931924963361e+18,frame_1025.jpeg,6357.0,5767.0,1919.0,1
1.6449319250089367e+18,frame_1026.jpeg,6414.0,5636.0,1623.0,1
1.6449319250558423e+18,frame_1027.jpeg,6374.0,5589.0,1460.0,1
1.6449319251089334e+18,frame_1028.jpeg,5674.0,5521.0,1304.0,1
1.644931925164021e+18,frame_1029.jpeg,5422.0,5749.0,891.0,1
1.6449319252089907e+18,frame_1030.jpeg,5727.0,5825.0,672.0,1
1.6449319252633085e+18,frame_1031.jpeg,5772.0,5974.0,85.0,1
1.6449319253100938e+18,frame_1032.jpeg,5642.0,5648.0,-57.0,1
1.6449319253637967e+18,frame_1033.jpeg,5818.0,5751.0,-462.0,1
1.6449319253866486e+18,frame_1034.jpeg,5720.0,5735.0,-707.0,1
1.644931925458624e+18,frame_1035.jpeg,5712.0,5702.0,-725.0,1
1.644931925498157e+18,frame_1036.jpeg,5576.0,5766.0,-448.0,1
1.6449319255485294e+18,frame_1037.jpeg,5625.0,5781.0,-381.0,1
1.6449319256083374e+18,frame_1038.jpeg,5822.0,5815.0,-267.0,1
1.6449319256683272e+18,frame_1039.jpeg,6000.0,5738.0,-243.0,1
1.6449319257147643e+18,frame_1040.jpeg,5973.0,5738.0,-222.0,1
1.6449319257587308e+18,frame_1041.jpeg,4857.0,5268.0,1316.0,1
1.6449319258113441e+18,frame_1042.jpeg,5579.0,5674.0,1489.0,1
1.6449319258641487e+18,frame_1043.jpeg,5513.0,5507.0,1727.0,1
1.6449319259160404e+18,frame_1044.jpeg,5220.0,5120.0,1424.0,1
1.6449319259643464e+18,frame_1045.jpeg,5298.0,5283.0,1102.0,1
1.6449319260122854e+18,frame_1046.jpeg,6395.0,5932.0,580.0,1
1.6449319260632353e+18,frame_1047.jpeg,5151.0,5806.0,-970.0,1
1.6449319261165855e+18,frame_1048.jpeg,5025.0,5066.0,-2153.0,1
1.6449319261624978e+18,frame_1049.jpeg,5053.0,5251.0,-2981.0,1
1.644931926213281e+18,frame_1050.jpeg,4703.0,5430.0,-2988.0,1
1.644931926263967e+18,frame_1051.jpeg,6114.0,6482.0,-2037.0,1
1.6449319263145398e+18,frame_1052.jpeg,6067.0,5811.0,-1566.0,1
1.6449319263626273e+18,frame_1053.jpeg,6665.0,5953.0,-914.0,1
1.6449319264134746e+18,frame_1054.jpeg,7062.0,5049.0,-107.0,1
1.644931926463976e+18,frame_1055.jpeg,7647.0,4273.0,419.0,1
1.6449319265130903e+18,frame_1056.jpeg,7945.0,3316.0,414.0,1
1.6449319265631107e+18,frame_1057.jpeg,8058.0,2454.0,175.0,1
1.6449319266137347e+18,frame_1058.jpeg,8618.0,562.0,903.0,1
1.6449319266622208e+18,frame_1059.jpeg,7948.0,-1577.0,1789.0,1
1.6449319267130719e+18,frame_1060.jpeg,9251.0,-1931.0,1646.0,1
1.6449319267600694e+18,frame_1061.jpeg,9086.0,-1606.0,1958.0,1
1.644931926812378e+18,frame_1062.jpeg,8187.0,78.0,239.0,1
1.644931926861116e+18,frame_1063.jpeg,8684.0,512.0,234.0,1
1.6449319268905137e+18,frame_1064.jpeg,7816.0,347.0,55.0,1
1.644931926947036e+18,frame_1065.jpeg,7778.0,275.0,55.0,1
1.644931927020047e+18,frame_1066.jpeg,7786.0,226.0,48.0,1
1.6449319270948221e+18,frame_1067.jpeg,7811.0,221.0,46.0,1
1.6449319270948221e+18,frame_1068.jpeg,7811.0,221.0,46.0,1
1.6449319270948221e+18,frame_1069.jpeg,7811.0,221.0,46.0,1
1.6449319272335283e+18,frame_1070.jpeg,7821.0,209.0,57.0,1
1.6449319272729516e+18,frame_1071.jpeg,7787.0,143.0,98.0,1
1.6449319273136786e+18,frame_1072.jpeg,6573.0,-188.0,307.0,1
1.6449319273584942e+18,frame_1073.jpeg,7397.0,-2309.0,-442.0,1
1.6449319274118702e+18,frame_1074.jpeg,6736.0,-3140.0,-1110.0,1
1.6449319274666865e+18,frame_1075.jpeg,6102.0,-3159.0,-913.0,1
1.6449319275121375e+18,frame_1076.jpeg,6160.0,-3302.0,-1234.0,1
1.6449319275639624e+18,frame_1077.jpeg,6271.0,-3304.0,-1413.0,1
1.6449319276112635e+18,frame_1078.jpeg,6524.0,-3610.0,-1415.0,1
1.6449319276646574e+18,frame_1079.jpeg,6705.0,-3950.0,-1644.0,1
1.6449319277120975e+18,frame_1080.jpeg,6392.0,-4045.0,-1841.0,1
1.644931927767652e+18,frame_1081.jpeg,6489.0,-4006.0,-2125.0,1
1.6449319278124275e+18,frame_1082.jpeg,6339.0,-3868.0,-2124.0,1
1.6449319278693056e+18,frame_1083.jpeg,6928.0,-3677.0,-2165.0,1
1.6449319278936015e+18,frame_1084.jpeg,7084.0,-3809.0,-2250.0,1
1.6449319279628664e+18,frame_1085.jpeg,7076.0,-3843.0,-2243.0,1
1.644931928023112e+18,frame_1086.jpeg,6921.0,-3869.0,-2205.0,1
1.6449319280659617e+18,frame_1087.jpeg,6187.0,-3969.0,-2073.0,1
1.644931928112145e+18,frame_1088.jpeg,6693.0,-3602.0,-1870.0,1
1.6449319281690084e+18,frame_1089.jpeg,7144.0,-3441.0,-2036.0,1
1.6449319282116393e+18,frame_1090.jpeg,6477.0,-3272.0,-2084.0,1
1.644931928261979e+18,frame_1091.jpeg,6812.0,-3246.0,-2090.0,1
1.644931928315557e+18,frame_1092.jpeg,6921.0,-3136.0,-2016.0,1
1.6449319283674496e+18,frame_1093.jpeg,7021.0,-3207.0,-1960.0,1
1.6449319284127337e+18,frame_1094.jpeg,7169.0,-3075.0,-2006.0,1
1.644931928466502e+18,frame_1095.jpeg,7182.0,-3007.0,-2077.0,1
1.6449319285158234e+18,frame_1096.jpeg,7225.0,-2953.0,-2123.0,1
1.6449319285674867e+18,frame_1097.jpeg,7528.0,-2894.0,-2019.0,1
1.6449319286133967e+18,frame_1098.jpeg,7196.0,-2841.0,-1901.0,1
1.6449319286660754e+18,frame_1099.jpeg,7374.0,-2744.0,-1793.0,1
1.644931928736589e+18,frame_1100.jpeg,7411.0,-2749.0,-1765.0,1
1.644931928736589e+18,frame_1101.jpeg,7411.0,-2749.0,-1765.0,1
1.644931928862525e+18,frame_1102.jpeg,7457.0,-2751.0,-1753.0,1
1.644931928862525e+18,frame_1103.jpeg,7457.0,-2751.0,-1753.0,1
1.6449319289152028e+18,frame_1104.jpeg,7491.0,-2749.0,-1751.0,1
1.6449319289846666e+18,frame_1105.jpeg,7507.0,-2755.0,-1752.0,1
1.6449319290149417e+18,frame_1106.jpeg,7206.0,-2737.0,-1828.0,1
1.644931929066383e+18,frame_1107.jpeg,7398.0,-1800.0,-1055.0,1
1.6449319291143173e+18,frame_1108.jpeg,7617.0,-2029.0,-560.0,1
1.6449319291645816e+18,frame_1109.jpeg,7563.0,-1831.0,-544.0,1
1.644931929215146e+18,frame_1110.jpeg,7718.0,-2117.0,-1219.0,1
1.6449319292660792e+18,frame_1111.jpeg,7799.0,-1950.0,-1316.0,1
1.644931929314347e+18,frame_1112.jpeg,8352.0,-1942.0,-1340.0,1
1.6449319293669988e+18,frame_1113.jpeg,8514.0,-1639.0,-1351.0,1
1.6449319294170514e+18,frame_1114.jpeg,7939.0,-1692.0,-1129.0,1
1.6449319294666289e+18,frame_1115.jpeg,8529.0,-1721.0,-560.0,1
1.6449319295193367e+18,frame_1116.jpeg,8354.0,-2120.0,-675.0,1
1.6449319295715633e+18,frame_1117.jpeg,8251.0,-2546.0,-548.0,1
1.6449319296196608e+18,frame_1118.jpeg,9104.0,-2504.0,-670.0,1
1.6449319296657183e+18,frame_1119.jpeg,8169.0,-2387.0,-523.0,1
1.6449319297161923e+18,frame_1120.jpeg,7214.0,-2467.0,-189.0,1
1.6449319297641178e+18,frame_1121.jpeg,6827.0,-2611.0,-217.0,1
1.6449319298181804e+18,frame_1122.jpeg,6587.0,-2716.0,-286.0,1
1.64493192986461e+18,frame_1123.jpeg,6946.0,-2851.0,-223.0,1
1.6449319299177526e+18,frame_1124.jpeg,6871.0,-3110.0,154.0,1
1.644931929964996e+18,frame_1125.jpeg,7248.0,-3352.0,331.0,1
1.644931930015202e+18,frame_1126.jpeg,7441.0,-3383.0,427.0,1
1.6449319300636045e+18,frame_1127.jpeg,7346.0,-3349.0,532.0,1
1.6449319301163459e+18,frame_1128.jpeg,7341.0,-3055.0,595.0,1
1.6449319301646543e+18,frame_1129.jpeg,7265.0,-3138.0,975.0,1
1.6449319302203999e+18,frame_1130.jpeg,7253.0,-3386.0,1189.0,1
1.6449319302660472e+18,frame_1131.jpeg,7065.0,-3334.0,1040.0,1
1.6449319303195325e+18,frame_1132.jpeg,7151.0,-3257.0,1236.0,1
1.644931930364264e+18,frame_1133.jpeg,7368.0,-3258.0,1412.0,1
1.6449319304172698e+18,frame_1134.jpeg,7429.0,-3285.0,1718.0,1
1.6449319304650156e+18,frame_1135.jpeg,7540.0,-3309.0,1763.0,1
1.6449319305182433e+18,frame_1136.jpeg,7141.0,-3297.0,1748.0,1
1.6449319305692764e+18,frame_1137.jpeg,7836.0,-3461.0,1791.0,1
1.6449319306217434e+18,frame_1138.jpeg,6975.0,-3100.0,1601.0,1
1.6449319525469852e+18,frame_1576.jpeg,1218.0,1838.0,8292.0,1
1.644931952596343e+18,frame_1577.jpeg,1495.0,1686.0,7895.0,1
1.6449319526473103e+18,frame_1578.jpeg,1390.0,1788.0,8105.0,1
1.644931952693501e+18,frame_1579.jpeg,1719.0,2198.0,8306.0,1
1.6449319527445248e+18,frame_1580.jpeg,2034.0,1812.0,8236.0,1
1.6449319527986985e+18,frame_1581.jpeg,1922.0,1946.0,8409.0,1
1.644931952844987e+18,frame_1582.jpeg,1946.0,1702.0,7996.0,1
1.6449319528930273e+18,frame_1583.jpeg,2240.0,1191.0,7450.0,1
1.6449319529477676e+18,frame_1584.jpeg,2709.0,1305.0,7521.0,1
1.6449319529930972e+18,frame_1585.jpeg,2173.0,2291.0,8058.0,1
1.6449319530488847e+18,frame_1586.jpeg,2735.0,2398.0,8182.0,1
1.6449319530927695e+18,frame_1587.jpeg,2443.0,2045.0,8123.0,1
1.644931953141722e+18,frame_1588.jpeg,3517.0,1013.0,7307.0,1
1.644931953196976e+18,frame_1589.jpeg,3155.0,1468.0,7662.0,1
1.644931953247355e+18,frame_1590.jpeg,3056.0,1146.0,8472.0,1
1.644931953299455e+18,frame_1591.jpeg,3163.0,903.0,8955.0,1
1.6449319533446154e+18,frame_1592.jpeg,4142.0,-516.0,8082.0,1
1.6449319533994007e+18,frame_1593.jpeg,3717.0,-1617.0,7511.0,1
1.644931953446986e+18,frame_1594.jpeg,2798.0,-1974.0,7521.0,1
1.6449319535037312e+18,frame_1595.jpeg,2665.0,-2301.0,7187.0,1
1.6449319535445143e+18,frame_1596.jpeg,1957.0,-2277.0,7373.0,1
1.644931953596934e+18,frame_1597.jpeg,1904.0,-3018.0,7187.0,1
1.6449319536440727e+18,frame_1598.jpeg,2156.0,-3088.0,7152.0,1
1.6449319536995548e+18,frame_1599.jpeg,2246.0,-3661.0,7212.0,1
1.6449319537500498e+18,frame_1600.jpeg,2388.0,-3582.0,7266.0,1
1.6449319537968765e+18,frame_1601.jpeg,2404.0,-3765.0,7190.0,1
1.6449319538443139e+18,frame_1602.jpeg,2492.0,-3871.0,7234.0,1
1.6449319538960297e+18,frame_1603.jpeg,2517.0,-3911.0,7010.0,1
1.6449319539455427e+18,frame_1604.jpeg,2378.0,-3747.0,7286.0,1
1.6449319539951985e+18,frame_1605.jpeg,2698.0,-4073.0,6818.0,1
1.6449319540454246e+18,frame_1606.jpeg,2215.0,-4116.0,7017.0,1
1.6449319540973158e+18,frame_1607.jpeg,2557.0,-4275.0,6137.0,1
1.6449319541468506e+18,frame_1608.jpeg,2819.0,-3973.0,5891.0,1
1.6449319541974968e+18,frame_1609.jpeg,2970.0,-3673.0,6509.0,1
1.644931954244494e+18,frame_1610.jpeg,3198.0,-3875.0,6495.0,1
1.64493195429488e+18,frame_1611.jpeg,3005.0,-3274.0,7464.0,1
1.644931954343982e+18,frame_1612.jpeg,3485.0,-3504.0,6356.0,1
1.644931954400337e+18,frame_1613.jpeg,3378.0,-3004.0,6783.0,1
1.6449319544443062e+18,frame_1614.jpeg,3363.0,-2363.0,6809.0,1
1.64493195449963e+18,frame_1615.jpeg,3067.0,-2728.0,6548.0,1
1.6449319545455767e+18,frame_1616.jpeg,4933.0,-2778.0,6459.0,1
1.6449319545961907e+18,frame_1617.jpeg,4432.0,-2987.0,7372.0,1
1.6449319546443564e+18,frame_1618.jpeg,5865.0,-2679.0,6345.0,1
1.6449319546972956e+18,frame_1619.jpeg,7451.0,-2261.0,6773.0,1
1.644931954748675e+18,frame_1620.jpeg,7066.0,-3334.0,4037.0,1
1.6449319548022136e+18,frame_1621.jpeg,6092.0,-3215.0,-671.0,1
1.644931954850389e+18,frame_1622.jpeg,6961.0,-3365.0,-2077.0,1
1.6449319548995361e+18,frame_1623.jpeg,5068.0,-3671.0,2921.0,1
1.6449319549479447e+18,frame_1624.jpeg,6452.0,-4179.0,2957.0,1
1.6449319549969464e+18,frame_1625.jpeg,6503.0,-3807.0,834.0,1
1.6449319550503764e+18,frame_1626.jpeg,6577.0,-4321.0,-1239.0,1
1.6449319550991816e+18,frame_1627.jpeg,5354.0,-4127.0,-2597.0,1
1.644931955148273e+18,frame_1628.jpeg,4901.0,-4635.0,-3936.0,1
1.6449319551989064e+18,frame_1629.jpeg,6409.0,-5354.0,-4983.0,1
1.6449319552482358e+18,frame_1630.jpeg,6850.0,-6362.0,-4756.0,1
1.6449319552960742e+18,frame_1631.jpeg,6804.0,-5909.0,-4005.0,1
1.6449319553529096e+18,frame_1632.jpeg,6017.0,-5562.0,-3230.0,1
1.6449319553966075e+18,frame_1633.jpeg,5620.0,-5036.0,-2795.0,1
1.6449319554513774e+18,frame_1634.jpeg,5640.0,-4947.0,-2351.0,1
1.6449319554975406e+18,frame_1635.jpeg,5608.0,-4642.0,-2223.0,1
1.6449319555507e+18,frame_1636.jpeg,5837.0,-4624.0,-2087.0,1
1.6449319555970834e+18,frame_1637.jpeg,5843.0,-4658.0,-1979.0,1
1.6449319556478177e+18,frame_1638.jpeg,6018.0,-4526.0,-2599.0,1
1.644931955696492e+18,frame_1639.jpeg,6381.0,-4614.0,-3140.0,1
1.6449319557519923e+18,frame_1640.jpeg,6252.0,-4436.0,-3342.0,1
1.6449319557973235e+18,frame_1641.jpeg,5485.0,-4480.0,-3426.0,1
1.6449319558490473e+18,frame_1642.jpeg,6287.0,-4293.0,-3635.0,1
1.644931955898806e+18,frame_1643.jpeg,5886.0,-4353.0,-3503.0,1
1.6449319559505446e+18,frame_1644.jpeg,5327.0,-4196.0,-3849.0,1
1.6449319559965962e+18,frame_1645.jpeg,5670.0,-4464.0,-3948.0,1
1.6449319560498488e+18,frame_1646.jpeg,5279.0,-4229.0,-4022.0,1
1.6449319560966313e+18,frame_1647.jpeg,5472.0,-4352.0,-4077.0,1
1.6449319561481318e+18,frame_1648.jpeg,5614.0,-4538.0,-4219.0,1
1.644931956196e+18,frame_1649.jpeg,5240.0,-4383.0,-4249.0,1
1.644931956248095e+18,frame_1650.jpeg,4888.0,-4450.0,-4444.0,1
1.644931956297561e+18,frame_1651.jpeg,5231.0,-4638.0,-4583.0,1
1.6449319563518556e+18,frame_1652.jpeg,5270.0,-4329.0,-4735.0,1
1.6449319564014912e+18,frame_1653.jpeg,4604.0,-4306.0,-4767.0,1
1.6449319564483446e+18,frame_1654.jpeg,4742.0,-4126.0,-4515.0,1
1.6449319565012908e+18,frame_1655.jpeg,4978.0,-3890.0,-4669.0,1
1.6449319565487132e+18,frame_1656.jpeg,5143.0,-2983.0,-4866.0,1
1.6449319566059244e+18,frame_1657.jpeg,5371.0,-1556.0,-4771.0,1
1.6449319566698232e+18,frame_1658.jpeg,5335.0,-1270.0,-4684.0,1
1.6449319567016637e+18,frame_1659.jpeg,5337.0,-1111.0,-4649.0,1
1.6449319567505472e+18,frame_1660.jpeg,5206.0,-236.0,-4239.0,1
1.644931956800369e+18,frame_1661.jpeg,7735.0,1427.0,-3365.0,1
1.6449319568511357e+18,frame_1662.jpeg,8683.0,1682.0,-2784.0,1
1.644931956901589e+18,frame_1663.jpeg,8284.0,2038.0,-2428.0,1
1.6449319569474166e+18,frame_1664.jpeg,9236.0,677.0,-859.0,1
1.6449319570022682e+18,frame_1665.jpeg,7529.0,1558.0,-497.0,1
1.6449319570478976e+18,frame_1666.jpeg,8257.0,1837.0,-1353.0,1
1.6449319571021855e+18,frame_1667.jpeg,7808.0,1720.0,-1728.0,1
1.644931957149704e+18,frame_1668.jpeg,9137.0,772.0,-1156.0,1
1.644931957201562e+18,frame_1669.jpeg,9505.0,634.0,-1039.0,1
1.644931957248982e+18,frame_1670.jpeg,9214.0,66.0,-801.0,1
1.6449319573002406e+18,frame_1671.jpeg,7211.0,1013.0,-1404.0,1
1.6449319573469294e+18,frame_1672.jpeg,7940.0,2110.0,-2494.0,1
1.6449319574056824e+18,frame_1673.jpeg,6887.0,1433.0,-1997.0,1
1.6449319574502088e+18,frame_1674.jpeg,3109.0,2708.0,-2951.0,1
1.64493195750253e+18,frame_1675.jpeg,8013.0,1566.0,-3084.0,1
1.6449319575499878e+18,frame_1676.jpeg,5976.0,-539.0,-1090.0,1
1.644931957600757e+18,frame_1677.jpeg,5294.0,1622.0,-3092.0,1
1.644931957617172e+18,frame_1678.jpeg,5269.0,2823.0,-4200.0,1
1.6449319577038113e+18,frame_1679.jpeg,5679.0,3087.0,-4973.0,1
1.6449319577499154e+18,frame_1680.jpeg,5363.0,1022.0,-2390.0,1
1.6449319578020242e+18,frame_1681.jpeg,8805.0,766.0,-1590.0,1
1.64493195785093e+18,frame_1682.jpeg,9838.0,397.0,-416.0,1
1.644931957903275e+18,frame_1683.jpeg,8245.0,901.0,-806.0,1
1.6449319579494257e+18,frame_1684.jpeg,8101.0,1355.0,-1224.0,1
1.644931958007012e+18,frame_1685.jpeg,7149.0,1737.0,-1715.0,1
1.644931958054458e+18,frame_1686.jpeg,5231.0,1565.0,-1545.0,1
1.6449319580983352e+18,frame_1687.jpeg,4757.0,1003.0,-1512.0,1
1.6449319581535007e+18,frame_1688.jpeg,4794.0,2688.0,-4360.0,1
1.6449319581987694e+18,frame_1689.jpeg,5324.0,4220.0,-6713.0,1
1.6449319582388541e+18,frame_1690.jpeg,4645.0,5208.0,-8125.0,1
1.6449319582976148e+18,frame_1691.jpeg,4747.0,5351.0,-8173.0,1
1.6449319583726356e+18,frame_1692.jpeg,4855.0,5457.0,-8181.0,1
1.6449319584242132e+18,frame_1693.jpeg,4952.0,5503.0,-8177.0,1
1.6449319584242132e+18,frame_1694.jpeg,4952.0,5503.0,-8177.0,1
1.644931958553856e+18,frame_1695.jpeg,4966.0,5463.0,-8140.0,1
1.644931958553856e+18,frame_1696.jpeg,4966.0,5463.0,-8140.0,1
1.6449319598409275e+18,frame_1726.jpeg,5363.0,1798.0,4730.0,1
1.6449319603123402e+18,frame_1727.jpeg,5036.0,1953.0,5111.0,1
1.6449319603123402e+18,frame_1728.jpeg,5036.0,1953.0,5111.0,1
1.6449319603123402e+18,frame_1729.jpeg,5036.0,1953.0,5111.0,1
1.6449319603123402e+18,frame_1730.jpeg,5036.0,1953.0,5111.0,1
1.6449319603123402e+18,frame_1731.jpeg,5036.0,1953.0,5111.0,1
1.6449319603469325e+18,frame_1732.jpeg,5007.0,2705.0,5891.0,1
1.6449319604247324e+18,frame_1733.jpeg,5060.0,2627.0,5813.0,1
1.6449319604247324e+18,frame_1734.jpeg,5060.0,2627.0,5813.0,1
1.6449319604847744e+18,frame_1735.jpeg,5106.0,2536.0,5715.0,1
1.644931960545384e+18,frame_1736.jpeg,5148.0,2431.0,5645.0,1
1.6449319605929126e+18,frame_1737.jpeg,5103.0,2173.0,5651.0,1
1.6449319606759462e+18,frame_1738.jpeg,5076.0,2176.0,5679.0,1
1.6449319607060956e+18,frame_1739.jpeg,5059.0,2250.0,5691.0,1
1.6449319607561874e+18,frame_1740.jpeg,5031.0,2355.0,5688.0,1
1.6449319608323825e+18,frame_1741.jpeg,4924.0,2490.0,5720.0,1
1.6449319608323825e+18,frame_1742.jpeg,4924.0,2490.0,5720.0,1
1.644931960887325e+18,frame_1743.jpeg,4787.0,2592.0,5741.0,1
1.6449319609789947e+18,frame_1744.jpeg,4722.0,2693.0,5783.0,1
1.6449319609789947e+18,frame_1745.jpeg,4722.0,2693.0,5783.0,1
1.6449319610598308e+18,frame_1746.jpeg,4726.0,2753.0,5821.0,1
1.644931961147356e+18,frame_1747.jpeg,4714.0,2788.0,5865.0,1
1.644931961147356e+18,frame_1748.jpeg,4714.0,2788.0,5865.0,1
1.6449319612239987e+18,frame_1749.jpeg,4706.0,2821.0,5889.0,1
1.644931961285081e+18,frame_1750.jpeg,4779.0,2802.0,5893.0,1
1.644931961285081e+18,frame_1751.jpeg,4779.0,2802.0,5893.0,1
1.6449319614045688e+18,frame_1752.jpeg,4920.0,2747.0,5845.0,1
1.6449319614045688e+18,frame_1753.jpeg,4920.0,2747.0,5845.0,1
1.644931961459153e+18,frame_1754.jpeg,5091.0,2711.0,5742.0,1
1.6449319615203236e+18,frame_1755.jpeg,5172.0,2653.0,5670.0,1
1.6449319615203236e+18,frame_1756.jpeg,5172.0,2653.0,5670.0,1
1.6449319615203236e+18,frame_1757.jpeg,5172.0,2653.0,5670.0,1
1.6449319615203236e+18,frame_1758.jpeg,5172.0,2653.0,5670.0,1
1.6449319618192566e+18,frame_1759.jpeg,5149.0,2576.0,5559.0,1
1.6449319618192566e+18,frame_1760.jpeg,5149.0,2576.0,5559.0,1
1.6449319618192566e+18,frame_1761.jpeg,5149.0,2576.0,5559.0,1
1.6449319618552678e+18,frame_1762.jpeg,3682.0,3682.0,9073.0,1
1.6449319619039268e+18,frame_1763.jpeg,5653.0,1808.0,5509.0,1
1.6449319619584044e+18,frame_1764.jpeg,6206.0,1148.0,5510.0,1
1.6449319620078264e+18,frame_1765.jpeg,4472.0,-57.0,4397.0,1
1.6449319620526623e+18,frame_1766.jpeg,4587.0,2098.0,6925.0,1
1.6449319621108628e+18,frame_1767.jpeg,7513.0,2503.0,5196.0,1
1.644931962159906e+18,frame_1768.jpeg,5934.0,2008.0,6610.0,1
1.644931962209956e+18,frame_1769.jpeg,5971.0,1331.0,7039.0,1
1.6449319622550945e+18,frame_1770.jpeg,4663.0,787.0,7489.0,1
1.644931962309136e+18,frame_1771.jpeg,3878.0,524.0,6497.0,1
1.6449319623545907e+18,frame_1772.jpeg,2793.0,865.0,6708.0,1
1.6449319624094026e+18,frame_1773.jpeg,2464.0,1827.0,7262.0,1
1.644931962459057e+18,frame_1774.jpeg,3908.0,136.0,7240.0,1
1.644931962509062e+18,frame_1775.jpeg,3294.0,228.0,7630.0,1
1.6449319625594127e+18,frame_1776.jpeg,4136.0,810.0,7695.0,1
1.6449319626079153e+18,frame_1777.jpeg,3392.0,2340.0,7838.0,1
1.64493196265862e+18,frame_1778.jpeg,2831.0,3582.0,7477.0,1
1.644931962713296e+18,frame_1779.jpeg,3272.0,3029.0,6867.0,1
1.6449319627580462e+18,frame_1780.jpeg,6820.0,-2321.0,5333.0,1
1.644931962810309e+18,frame_1781.jpeg,7387.0,1690.0,4879.0,1
1.644931962858311e+18,frame_1782.jpeg,2011.0,11072.0,9976.0,1
1.6449319629096497e+18,frame_1783.jpeg,-1382.0,7992.0,9567.0,1
1.6449319629596362e+18,frame_1784.jpeg,-417.0,3767.0,8186.0,1
1.644931963009654e+18,frame_1785.jpeg,1084.0,1084.0,7331.0,1
1.6449319630597158e+18,frame_1786.jpeg,1797.0,788.0,7449.0,1
1.6449319631097592e+18,frame_1787.jpeg,2241.0,714.0,7674.0,1
1.6449319631578555e+18,frame_1788.jpeg,1904.0,828.0,7967.0,1
1.6449319632106079e+18,frame_1789.jpeg,1324.0,804.0,8248.0,1
1.6449319632557197e+18,frame_1790.jpeg,1057.0,757.0,8799.0,1
1.644931963337719e+18,frame_1791.jpeg,953.0,789.0,8992.0,1
1.644931963337719e+18,frame_1792.jpeg,953.0,789.0,8992.0,1
1.6449319634099305e+18,frame_1793.jpeg,1471.0,881.0,9023.0,1
1.6449319634566564e+18,frame_1794.jpeg,2858.0,-867.0,8109.0,1
1.6449319635094694e+18,frame_1795.jpeg,3374.0,-2838.0,5453.0,1
1.6449319635580052e+18,frame_1796.jpeg,7574.0,-2556.0,3170.0,1
1.6449319636081096e+18,frame_1797.jpeg,6201.0,-1855.0,5490.0,1
1.6449319636616558e+18,frame_1798.jpeg,5500.0,-687.0,5529.0,1
1.6449319637102277e+18,frame_1799.jpeg,5902.0,-1390.0,4977.0,1
1.6449319637584266e+18,frame_1800.jpeg,5965.0,-1184.0,5633.0,1
1.6449319638105093e+18,frame_1801.jpeg,5173.0,-1647.0,5054.0,1
1.6449319638642404e+18,frame_1802.jpeg,5927.0,-563.0,6154.0,1
1.6449319639100506e+18,frame_1803.jpeg,6602.0,-331.0,6551.0,1
1.6449319639632156e+18,frame_1804.jpeg,5607.0,-488.0,6857.0,1
1.6449319640103378e+18,frame_1805.jpeg,5657.0,128.0,7331.0,1
1.6449319640635346e+18,frame_1806.jpeg,5137.0,319.0,7014.0,1
1.6449319641101885e+18,frame_1807.jpeg,5008.0,10.0,6664.0,1
1.644931964159187e+18,frame_1808.jpeg,4462.0,-37.0,7489.0,1
1.6449319642150367e+18,frame_1809.jpeg,3800.0,91.0,7561.0,1
1.644931964265488e+18,frame_1810.jpeg,4058.0,-240.0,7419.0,1
1.6449319643105623e+18,frame_1811.jpeg,4355.0,-430.0,7143.0,1
1.644931964362835e+18,frame_1812.jpeg,4132.0,-879.0,7011.0,1
1.6449319644105754e+18,frame_1813.jpeg,4077.0,-815.0,6892.0,1
1.6449319644576635e+18,frame_1814.jpeg,4416.0,-951.0,6761.0,1
1.644931964509004e+18,frame_1815.jpeg,4239.0,-736.0,6780.0,1
1.6449319645621453e+18,frame_1816.jpeg,4656.0,-926.0,7182.0,1
1.6449319646084618e+18,frame_1817.jpeg,5349.0,-782.0,6701.0,1
1.6449319646626847e+18,frame_1818.jpeg,5837.0,-1066.0,5436.0,1
1.644931964712644e+18,frame_1819.jpeg,5297.0,-679.0,4794.0,1
1.6449319647619118e+18,frame_1820.jpeg,5181.0,-1556.0,5343.0,1
1.6449319648234836e+18,frame_1821.jpeg,5799.0,-968.0,6250.0,1
1.6449319648615665e+18,frame_1822.jpeg,3775.0,-328.0,7378.0,1
1.6449319649122248e+18,frame_1823.jpeg,763.0,1693.0,8211.0,1
1.644931964962193e+18,frame_1824.jpeg,-60.0,2089.0,8207.0,1
1.6449319650121948e+18,frame_1825.jpeg,-389.0,2750.0,8452.0,1
1.6449319650628116e+18,frame_1826.jpeg,-300.0,3182.0,8613.0,1
1.6449319651117033e+18,frame_1827.jpeg,-264.0,3353.0,8382.0,1
1.6449319651623706e+18,frame_1828.jpeg,-425.0,3162.0,8039.0,1
1.6449319652121646e+18,frame_1829.jpeg,-283.0,2572.0,7938.0,1
1.6449319652613627e+18,frame_1830.jpeg,-321.0,2951.0,7788.0,1
1.6449319653115996e+18,frame_1831.jpeg,-338.0,3051.0,7892.0,1
1.644931965362035e+18,frame_1832.jpeg,5.0,2617.0,7712.0,1
1.644931965416958e+18,frame_1833.jpeg,-195.0,2882.0,7778.0,1
1.644931965461238e+18,frame_1834.jpeg,-527.0,3444.0,8336.0,1
1.644931965511297e+18,frame_1835.jpeg,294.0,2853.0,8087.0,1
1.6449319655627863e+18,frame_1836.jpeg,553.0,2794.0,8202.0,1
1.644931965615493e+18,frame_1837.jpeg,378.0,2571.0,8082.0,1
1.6449319656613942e+18,frame_1838.jpeg,141.0,2262.0,8162.0,1
1.6449319657161508e+18,frame_1839.jpeg,78.0,2011.0,7613.0,1
1.6449319657624773e+18,frame_1840.jpeg,-272.0,2191.0,7392.0,1
1.6449319658162785e+18,frame_1841.jpeg,-380.0,2957.0,7798.0,1
1.6449319658626504e+18,frame_1842.jpeg,-464.0,2831.0,8009.0,1
1.6449319659114972e+18,frame_1843.jpeg,356.0,2792.0,7837.0,1
1.6449319659616259e+18,frame_1844.jpeg,15.0,2681.0,7890.0,1
1.64493196601101e+18,frame_1845.jpeg,-999.0,3599.0,7988.0,1
1.6449319660621473e+18,frame_1846.jpeg,253.0,2355.0,7624.0,1
1.644931966111408e+18,frame_1847.jpeg,502.0,2426.0,8187.0,1
1.6449319661629852e+18,frame_1848.jpeg,185.0,3521.0,8557.0,1
1.6449319662121695e+18,frame_1849.jpeg,815.0,3325.0,7709.0,1
1.6449319662605716e+18,frame_1850.jpeg,366.0,3535.0,7662.0,1
1.6449319663111355e+18,frame_1851.jpeg,-313.0,3822.0,7938.0,1
1.644931966358146e+18,frame_1852.jpeg,-180.0,3286.0,8049.0,1
1.6449319664157164e+18,frame_1853.jpeg,-136.0,3384.0,7874.0,1
1.644931966460868e+18,frame_1854.jpeg,-84.0,3134.0,7665.0,1
1.6449319665165601e+18,frame_1855.jpeg,415.0,2682.0,7794.0,1
1.6449319665627364e+18,frame_1856.jpeg,1979.0,2726.0,8138.0,1
1.6449319666152648e+18,frame_1857.jpeg,3026.0,1085.0,7800.0,1
1.644931966659303e+18,frame_1858.jpeg,3987.0,538.0,6743.0,1
1.6449319667154637e+18,frame_1859.jpeg,6811.0,-267.0,4441.0,1
1.6449319667590177e+18,frame_1860.jpeg,7723.0,-864.0,3109.0,1
1.6449319668142344e+18,frame_1861.jpeg,6807.0,-2044.0,845.0,1
1.6449319668619139e+18,frame_1862.jpeg,7453.0,-2685.0,-905.0,1
1.6449319669154473e+18,frame_1863.jpeg,5876.0,-4336.0,-2317.0,1
1.6449319669665774e+18,frame_1864.jpeg,6035.0,-4619.0,-2183.0,1
1.6449319670138977e+18,frame_1865.jpeg,6227.0,-5077.0,-2070.0,1
1.6449319670983455e+18,frame_1866.jpeg,6202.0,-5139.0,-2042.0,1
1.6449319670983455e+18,frame_1867.jpeg,6202.0,-5139.0,-2042.0,1
1.6449319671692746e+18,frame_1868.jpeg,6464.0,-5133.0,-2058.0,1
1.6449319672048863e+18,frame_1869.jpeg,6624.0,-5044.0,-2056.0,1
1.6449319672728868e+18,frame_1870.jpeg,6636.0,-5014.0,-2076.0,1
1.644931967284634e+18,frame_1871.jpeg,6639.0,-4958.0,-2089.0,1
1.6449319673689574e+18,frame_1872.jpeg,6539.0,-4951.0,-2400.0,1
1.64493196741383e+18,frame_1873.jpeg,6229.0,-4716.0,-2801.0,1
1.6449319674660452e+18,frame_1874.jpeg,6111.0,-4034.0,-3532.0,1
1.644931967513913e+18,frame_1875.jpeg,6447.0,-3681.0,-3786.0,1
1.6449319675641418e+18,frame_1876.jpeg,5876.0,-4073.0,-3604.0,1
1.6449319676094141e+18,frame_1877.jpeg,6298.0,-4263.0,-3270.0,1
1.6449319676650524e+18,frame_1878.jpeg,6052.0,-4069.0,-3138.0,1
1.6449319677088955e+18,frame_1879.jpeg,6286.0,-4293.0,-3262.0,1
1.6449319677648049e+18,frame_1880.jpeg,5894.0,-4331.0,-3167.0,1
1.6449319678148406e+18,frame_1881.jpeg,5522.0,-4055.0,-3076.0,1
1.6449319678655788e+18,frame_1882.jpeg,5667.0,-3977.0,-3252.0,1
1.6449319679145021e+18,frame_1883.jpeg,5795.0,-4149.0,-3433.0,1
1.644931967965398e+18,frame_1884.jpeg,6120.0,-4083.0,-3447.0,1
1.6449319680158188e+18,frame_1885.jpeg,6551.0,-4284.0,-3388.0,1
1.6449319680633257e+18,frame_1886.jpeg,5773.0,-4105.0,-3201.0,1
1.644931968115858e+18,frame_1887.jpeg,6424.0,-4204.0,-3321.0,1
1.6449319681676365e+18,frame_1888.jpeg,6361.0,-4430.0,-3270.0,1
1.644931968215257e+18,frame_1889.jpeg,5697.0,-3654.0,-3302.0,1
1.644931968265564e+18,frame_1890.jpeg,5976.0,-3953.0,-3473.0,1
1.6449319683167852e+18,frame_1891.jpeg,6023.0,-3982.0,-3547.0,1
1.644931968363245e+18,frame_1892.jpeg,6022.0,-3986.0,-3589.0,1
1.6449319684128133e+18,frame_1893.jpeg,6114.0,-3933.0,-3683.0,1
1.6449319684664643e+18,frame_1894.jpeg,6476.0,-3912.0,-3524.0,1
1.644931968519432e+18,frame_1895.jpeg,6482.0,-3885.0,-3140.0,1
1.6449319685657318e+18,frame_1896.jpeg,7054.0,-3505.0,-1906.0,1
1.6449319686016115e+18,frame_1897.jpeg,7279.0,-3618.0,-1735.0,1
1.6449319686707459e+18,frame_1898.jpeg,7223.0,-3561.0,-1572.0,1
1.6449319686973868e+18,frame_1899.jpeg,7323.0,-3511.0,-1452.0,1
1.6449319687849997e+18,frame_1900.jpeg,7535.0,-3456.0,-1312.0,1
1.6449319688227533e+18,frame_1901.jpeg,7417.0,-3350.0,-1220.0,1
1.6449319688565996e+18,frame_1902.jpeg,7217.0,-3233.0,-1152.0,1
1.6449319688565996e+18,frame_1903.jpeg,7217.0,-3233.0,-1152.0,1
1.6449319688565996e+18,frame_1904.jpeg,7217.0,-3233.0,-1152.0,1
1.6449319688565996e+18,frame_1905.jpeg,7217.0,-3233.0,-1152.0,1
1.644931969210452e+18,frame_1906.jpeg,6723.0,-2909.0,-1010.0,1
1.644931969210452e+18,frame_1907.jpeg,6723.0,-2909.0,-1010.0,1
1.644931969210452e+18,frame_1908.jpeg,6723.0,-2909.0,-1010.0,1
1.6449319692221494e+18,frame_1909.jpeg,6621.0,-2810.0,-932.0,1
1.6449319692530235e+18,frame_1910.jpeg,6738.0,-2806.0,-592.0,1
1.644931969315223e+18,frame_1911.jpeg,6455.0,-2659.0,-143.0,1
1.6449319693628795e+18,frame_1912.jpeg,6762.0,-2919.0,-189.0,1
1.6449319694227674e+18,frame_1913.jpeg,7476.0,-2699.0,-87.0,1
1.6449319694655286e+18,frame_1914.jpeg,6814.0,674.0,-3058.0,1
1.6449319695200256e+18,frame_1915.jpeg,4871.0,1592.0,-1340.0,1
1.644931969567314e+18,frame_1916.jpeg,3852.0,2764.0,-3968.0,1
1.6449319696165937e+18,frame_1917.jpeg,5542.0,3571.0,-6490.0,1
1.6449319696633492e+18,frame_1918.jpeg,3669.0,5021.0,-7458.0,1
1.644931969720065e+18,frame_1919.jpeg,2879.0,4071.0,-8585.0,1
1.644931969753136e+18,frame_1920.jpeg,2514.0,3419.0,-8617.0,1
1.6449319698020503e+18,frame_1921.jpeg,2447.0,3250.0,-8646.0,1
1.6449319698862835e+18,frame_1922.jpeg,2314.0,2985.0,-8931.0,1
1.6449319698862835e+18,frame_1923.jpeg,2314.0,2985.0,-8931.0,1
1.6449319699612221e+18,frame_1924.jpeg,1900.0,3012.0,-8922.0,1
1.6449319699988347e+18,frame_1925.jpeg,1397.0,2964.0,-8936.0,1
1.6449319700831923e+18,frame_1926.jpeg,1751.0,2818.0,-8925.0,1
1.6449319701176906e+18,frame_1927.jpeg,1858.0,2470.0,-8644.0,1
1.6449319701719962e+18,frame_1928.jpeg,3928.0,-1377.0,-4357.0,1
1.64493197021889e+18,frame_1929.jpeg,4849.0,-1035.0,-4005.0,1
1.6449319702699167e+18,frame_1930.jpeg,4927.0,373.0,-4079.0,1
1.6449319703190612e+18,frame_1931.jpeg,4972.0,2476.0,-4345.0,1
1.6449319703676736e+18,frame_1932.jpeg,3398.0,3248.0,-5571.0,1
