timestamp,File Name,a_left_backPose,b_left_backPose,c_left_backPose, BOLT_RIGHT
1.6461505083448827e+18,frame_6774.jpeg,5793.0,-2482.0,-5064.0,1
1.6461505083931515e+18,frame_6775.jpeg,5575.0,-2666.0,-4959.0,1
1.6461505084438346e+18,frame_6776.jpeg,5952.0,-2553.0,-5190.0,1
1.6461505084942195e+18,frame_6777.jpeg,5239.0,-2226.0,-4959.0,1
1.6461505085448018e+18,frame_6778.jpeg,5454.0,-2770.0,-5060.0,1
1.6461505085937702e+18,frame_6779.jpeg,5750.0,-2897.0,-5410.0,1
1.6461505086459128e+18,frame_6780.jpeg,5212.0,-3050.0,-5468.0,1
1.6461505086921037e+18,frame_6781.jpeg,4997.0,-2622.0,-5428.0,1
1.6461505087461489e+18,frame_6782.jpeg,5146.0,-2129.0,-5287.0,1
1.6461505087940452e+18,frame_6783.jpeg,5508.0,-1898.0,-5594.0,1
1.6461505088451292e+18,frame_6784.jpeg,3564.0,-2560.0,-4393.0,1
1.646150508893659e+18,frame_6785.jpeg,6096.0,-2406.0,-5253.0,1
1.646150508944719e+18,frame_6786.jpeg,5340.0,-2049.0,-5191.0,1
1.6461505089927782e+18,frame_6787.jpeg,4841.0,-2495.0,-6143.0,1
1.6461505090456942e+18,frame_6788.jpeg,5260.0,-2333.0,-5923.0,1
1.6461505090943544e+18,frame_6789.jpeg,5262.0,-2427.0,-5534.0,1
1.6461505091451548e+18,frame_6790.jpeg,5333.0,-2310.0,-5348.0,1
1.6461505091942879e+18,frame_6791.jpeg,5338.0,-2583.0,-5173.0,1
1.646150509245367e+18,frame_6792.jpeg,5294.0,-2473.0,-5326.0,1
1.6461505092931154e+18,frame_6793.jpeg,5401.0,-2279.0,-5484.0,1
1.6461505093447e+18,frame_6794.jpeg,5087.0,-2322.0,-5644.0,1
1.646150509393455e+18,frame_6795.jpeg,4874.0,-2598.0,-5818.0,1
1.646150509443969e+18,frame_6796.jpeg,4746.0,-2424.0,-5964.0,1
1.646150509498527e+18,frame_6797.jpeg,4907.0,-2498.0,-5847.0,1
1.6461505095495002e+18,frame_6798.jpeg,4914.0,-2704.0,-5722.0,1
1.6461505095970721e+18,frame_6799.jpeg,4972.0,-2441.0,-5809.0,1
1.646150509647951e+18,frame_6800.jpeg,5102.0,-2282.0,-5767.0,1
1.6461505096979594e+18,frame_6801.jpeg,5268.0,-2409.0,-5564.0,1
1.6461505097441943e+18,frame_6802.jpeg,5040.0,-1975.0,-5277.0,1
1.6461505097990784e+18,frame_6803.jpeg,5676.0,-1631.0,-5683.0,1
1.6461505098429156e+18,frame_6804.jpeg,4953.0,-2197.0,-5309.0,1
1.6461505098991567e+18,frame_6805.jpeg,3832.0,-1920.0,-5799.0,1
1.6461505099432924e+18,frame_6806.jpeg,2553.0,-4275.0,-7302.0,1
1.6461505099987108e+18,frame_6807.jpeg,2546.0,-5218.0,-6855.0,1
1.6461505100470113e+18,frame_6808.jpeg,3171.0,-4338.0,-6020.0,1
1.6461505100954327e+18,frame_6809.jpeg,3632.0,-3910.0,-5617.0,1
1.6461505101454108e+18,frame_6810.jpeg,3324.0,-3956.0,-6351.0,1
1.646150510197614e+18,frame_6811.jpeg,3172.0,-4779.0,-6209.0,1
1.6461505102443884e+18,frame_6812.jpeg,3092.0,-4008.0,-5963.0,1
1.646150510298281e+18,frame_6813.jpeg,3371.0,-4058.0,-5954.0,1
1.6461505103461888e+18,frame_6814.jpeg,3361.0,-4417.0,-5731.0,1
1.6461505103954678e+18,frame_6815.jpeg,3520.0,-4414.0,-5646.0,1
1.6461505104467174e+18,frame_6816.jpeg,3342.0,-4720.0,-5839.0,1
1.6461505104969423e+18,frame_6817.jpeg,3559.0,-4278.0,-5528.0,1
1.646150510564058e+18,frame_6818.jpeg,3447.0,-4478.0,-5649.0,1
1.6461505105987784e+18,frame_6819.jpeg,3459.0,-4541.0,-5694.0,1
1.6461505106447473e+18,frame_6820.jpeg,3429.0,-4616.0,-5739.0,1
1.6461505107054858e+18,frame_6821.jpeg,3404.0,-4568.0,-5750.0,1
1.6461505107443963e+18,frame_6822.jpeg,3182.0,-4515.0,-5528.0,1
1.646150510798979e+18,frame_6823.jpeg,3230.0,-4736.0,-5817.0,1
1.6461505108467343e+18,frame_6824.jpeg,3586.0,-4641.0,-5690.0,1
1.6461505108980764e+18,frame_6825.jpeg,3553.0,-4405.0,-5597.0,1
1.6461505109468628e+18,frame_6826.jpeg,3732.0,-4413.0,-5492.0,1
1.6461505109987103e+18,frame_6827.jpeg,3592.0,-4363.0,-5576.0,1
1.6461505110465298e+18,frame_6828.jpeg,3589.0,-4485.0,-5628.0,1
1.6461505110924954e+18,frame_6829.jpeg,3556.0,-4455.0,-5702.0,1
1.6461505111494484e+18,frame_6830.jpeg,3337.0,-4538.0,-5564.0,1
1.646150511196754e+18,frame_6831.jpeg,3386.0,-4644.0,-5630.0,1
1.6461505112522865e+18,frame_6832.jpeg,3206.0,-4865.0,-5748.0,1
1.646150511297543e+18,frame_6833.jpeg,3846.0,-4326.0,-5564.0,1
1.646150511350289e+18,frame_6834.jpeg,3749.0,-4555.0,-5675.0,1
1.6461505113987494e+18,frame_6835.jpeg,3176.0,-4718.0,-5218.0,1
1.646150511453261e+18,frame_6836.jpeg,3351.0,-5109.0,-5442.0,1
1.646150511495834e+18,frame_6837.jpeg,2851.0,-4694.0,-5692.0,1
1.6461505115503724e+18,frame_6838.jpeg,1869.0,-5587.0,-6240.0,1
1.6461505115976005e+18,frame_6839.jpeg,2894.0,-4816.0,-6057.0,1
1.6461505116511265e+18,frame_6840.jpeg,3601.0,-3909.0,-5597.0,1
1.6461505117002637e+18,frame_6841.jpeg,3541.0,-3589.0,-5687.0,1
1.646150511751218e+18,frame_6842.jpeg,903.0,-5287.0,-6716.0,1
1.6461505117977917e+18,frame_6843.jpeg,2178.0,-4856.0,-6305.0,1
1.6461505118507453e+18,frame_6844.jpeg,2113.0,-4589.0,-6248.0,1
1.6461505118911014e+18,frame_6845.jpeg,2301.0,-4809.0,-6260.0,1
1.64615051195074e+18,frame_6846.jpeg,2060.0,-4644.0,-5987.0,1
1.646150511997873e+18,frame_6847.jpeg,1932.0,-5031.0,-6181.0,1
1.6461505120530765e+18,frame_6848.jpeg,2374.0,-4537.0,-6270.0,1
1.6461505120953252e+18,frame_6849.jpeg,2561.0,-4064.0,-6139.0,1
1.646150512152546e+18,frame_6850.jpeg,2487.0,-4611.0,-6369.0,1
1.646150512194587e+18,frame_6851.jpeg,2063.0,-4604.0,-6063.0,1
1.646150512249417e+18,frame_6852.jpeg,2002.0,-4641.0,-6593.0,1
1.646150512295166e+18,frame_6853.jpeg,2565.0,-4421.0,-6594.0,1
1.646150512349547e+18,frame_6854.jpeg,3086.0,-4579.0,-5796.0,1
1.646150512395465e+18,frame_6855.jpeg,3731.0,-4234.0,-5614.0,1
1.646150512448861e+18,frame_6856.jpeg,3234.0,-4152.0,-5591.0,1
1.6461505124943567e+18,frame_6857.jpeg,2707.0,-4516.0,-5911.0,1
1.6461505125440453e+18,frame_6858.jpeg,2753.0,-4655.0,-5899.0,1
1.6461505125977677e+18,frame_6859.jpeg,3115.0,-4042.0,-5717.0,1
1.6461505126500175e+18,frame_6860.jpeg,1754.0,-3863.0,-5590.0,1
1.6461505126998753e+18,frame_6861.jpeg,3954.0,-3499.0,-6821.0,1
1.6461505127474918e+18,frame_6862.jpeg,3031.0,-4227.0,-6620.0,1
1.6461505127989143e+18,frame_6863.jpeg,3856.0,-3508.0,-6269.0,1
1.646150512850566e+18,frame_6864.jpeg,3420.0,-3735.0,-6423.0,1
1.6461505128986401e+18,frame_6865.jpeg,3375.0,-3556.0,-5998.0,1
1.646150512947547e+18,frame_6866.jpeg,3635.0,-3640.0,-6288.0,1
1.6461505130037266e+18,frame_6867.jpeg,3437.0,-3392.0,-6180.0,1
1.6461505130460078e+18,frame_6868.jpeg,2363.0,-3959.0,-6787.0,1
1.646150513098483e+18,frame_6869.jpeg,3989.0,-3836.0,-6045.0,1
1.6461505131498872e+18,frame_6870.jpeg,4550.0,-3072.0,-5756.0,1
1.6461505131989926e+18,frame_6871.jpeg,3649.0,-3208.0,-6042.0,1
1.6461505132481162e+18,frame_6872.jpeg,3229.0,-3763.0,-6467.0,1
1.6461505133031204e+18,frame_6873.jpeg,3713.0,-3139.0,-6060.0,1
1.6461505133496302e+18,frame_6874.jpeg,3746.0,-2817.0,-6366.0,1
1.6461505134028173e+18,frame_6875.jpeg,2343.0,-4310.0,-6634.0,1
1.6461505134479442e+18,frame_6876.jpeg,3234.0,-4188.0,-6204.0,1
1.646150513499209e+18,frame_6877.jpeg,3036.0,-4288.0,-5926.0,1
1.6461505135487718e+18,frame_6878.jpeg,3607.0,-3887.0,-5880.0,1
1.646150513599933e+18,frame_6879.jpeg,3970.0,-3816.0,-5734.0,1
1.646150513650437e+18,frame_6880.jpeg,2396.0,-4483.0,-6769.0,1
1.646150513699638e+18,frame_6881.jpeg,2143.0,-4305.0,-6479.0,1
1.6461505137502518e+18,frame_6882.jpeg,3003.0,-4195.0,-6208.0,1
1.6461505137994176e+18,frame_6883.jpeg,3343.0,-4096.0,-6037.0,1
1.6461505138505871e+18,frame_6884.jpeg,3142.0,-4126.0,-6073.0,1
1.6461505138977226e+18,frame_6885.jpeg,2671.0,-4532.0,-6189.0,1
1.6461505139488627e+18,frame_6886.jpeg,3058.0,-4486.0,-5960.0,1
1.646150513998376e+18,frame_6887.jpeg,2947.0,-4590.0,-5836.0,1
1.646150514049049e+18,frame_6888.jpeg,2987.0,-4615.0,-5926.0,1
1.646150514098411e+18,frame_6889.jpeg,2910.0,-4524.0,-5938.0,1
1.6461505141503114e+18,frame_6890.jpeg,3004.0,-4432.0,-5976.0,1
1.6461505142054226e+18,frame_6891.jpeg,3118.0,-4330.0,-6046.0,1
1.646150514248705e+18,frame_6892.jpeg,3015.0,-4280.0,-6037.0,1
1.6461505143012716e+18,frame_6893.jpeg,3157.0,-4393.0,-5989.0,1
1.6461505143481838e+18,frame_6894.jpeg,2740.0,-4476.0,-5987.0,1
1.6461505143981394e+18,frame_6895.jpeg,3360.0,-4316.0,-5992.0,1
1.646150514456248e+18,frame_6896.jpeg,2939.0,-4296.0,-5838.0,1
1.6461505145040087e+18,frame_6897.jpeg,2551.0,-4398.0,-5893.0,1
1.6461505145556887e+18,frame_6898.jpeg,2865.0,-3994.0,-5752.0,1
1.6461505146002504e+18,frame_6899.jpeg,1420.0,-5118.0,-6344.0,1
1.646150514654933e+18,frame_6900.jpeg,512.0,-5837.0,-6297.0,1
1.6461505146994993e+18,frame_6901.jpeg,848.0,-5862.0,-5885.0,1
1.646150514753892e+18,frame_6902.jpeg,1631.0,-5890.0,-5395.0,1
1.6461505148022006e+18,frame_6903.jpeg,1922.0,-5688.0,-5919.0,1
1.6461505148542195e+18,frame_6904.jpeg,2231.0,-5060.0,-5462.0,1
1.6461505149007022e+18,frame_6905.jpeg,992.0,-5901.0,-5682.0,1
1.6461505149549596e+18,frame_6906.jpeg,327.0,-6010.0,-5157.0,1
1.6461505150031032e+18,frame_6907.jpeg,495.0,-6432.0,-5288.0,1
1.646150515054215e+18,frame_6908.jpeg,1089.0,-6076.0,-5363.0,1
1.6461505151006162e+18,frame_6909.jpeg,853.0,-5857.0,-5336.0,1
1.6461505151540232e+18,frame_6910.jpeg,1531.0,-6133.0,-5441.0,1
1.64615051520088e+18,frame_6911.jpeg,1222.0,-5878.0,-5402.0,1
1.6461505152522867e+18,frame_6912.jpeg,1092.0,-5741.0,-5400.0,1
1.646150515302064e+18,frame_6913.jpeg,1057.0,-5797.0,-5744.0,1
1.6461505153513165e+18,frame_6914.jpeg,1099.0,-5811.0,-5376.0,1
1.6461505154012708e+18,frame_6915.jpeg,1517.0,-5769.0,-5420.0,1
1.6461505154519252e+18,frame_6916.jpeg,1796.0,-5956.0,-5370.0,1
1.6461505155015286e+18,frame_6917.jpeg,1541.0,-5513.0,-5182.0,1
1.6461505155525888e+18,frame_6918.jpeg,1221.0,-5841.0,-5742.0,1
1.6461505155979233e+18,frame_6919.jpeg,1531.0,-5644.0,-5481.0,1
1.6461505156541952e+18,frame_6920.jpeg,1123.0,-5691.0,-5737.0,1
1.646150515700468e+18,frame_6921.jpeg,1415.0,-5617.0,-5642.0,1
1.6461505157531725e+18,frame_6922.jpeg,1747.0,-5741.0,-5150.0,1
1.6461505158042191e+18,frame_6923.jpeg,1426.0,-5711.0,-5530.0,1
1.6461505158550659e+18,frame_6924.jpeg,1573.0,-5602.0,-5662.0,1
1.6461505159071895e+18,frame_6925.jpeg,1389.0,-5401.0,-5669.0,1
1.646150515948611e+18,frame_6926.jpeg,492.0,-5845.0,-5796.0,1
1.646150516003044e+18,frame_6927.jpeg,637.0,-5843.0,-5794.0,1
1.6461505160542907e+18,frame_6928.jpeg,834.0,-6348.0,-5420.0,1
1.6461505161035026e+18,frame_6929.jpeg,1776.0,-5987.0,-5204.0,1
1.6461505161527974e+18,frame_6930.jpeg,1428.0,-5562.0,-5334.0,1
1.6461505162056415e+18,frame_6931.jpeg,1093.0,-6176.0,-5458.0,1
1.646150516251103e+18,frame_6932.jpeg,489.0,-5912.0,-5358.0,1
1.6461505163077716e+18,frame_6933.jpeg,1210.0,-5708.0,-5848.0,1
1.646150516353621e+18,frame_6934.jpeg,1979.0,-5453.0,-5515.0,1
1.646150516407281e+18,frame_6935.jpeg,742.0,-6268.0,-5351.0,1
1.6461505164543982e+18,frame_6936.jpeg,845.0,-6029.0,-5338.0,1
1.646150516501896e+18,frame_6937.jpeg,1311.0,-5829.0,-5400.0,1
1.64615051655186e+18,frame_6938.jpeg,1639.0,-5644.0,-5369.0,1
1.6461505166037955e+18,frame_6939.jpeg,2148.0,-5760.0,-5333.0,1
1.6461505166502264e+18,frame_6940.jpeg,1783.0,-5325.0,-5417.0,1
1.6461505167085755e+18,frame_6941.jpeg,1448.0,-5942.0,-5708.0,1
1.6461505167513042e+18,frame_6942.jpeg,1212.0,-5364.0,-5480.0,1
1.6461505168038973e+18,frame_6943.jpeg,1230.0,-6187.0,-5985.0,1
1.64615051685286e+18,frame_6944.jpeg,1961.0,-5105.0,-5293.0,1
1.646150516907937e+18,frame_6945.jpeg,1705.0,-5881.0,-5662.0,1
1.6461505169519273e+18,frame_6946.jpeg,2531.0,-5463.0,-5360.0,1
1.6461505170068106e+18,frame_6947.jpeg,2076.0,-5582.0,-5537.0,1
1.646150517052535e+18,frame_6948.jpeg,1076.0,-5723.0,-5488.0,1
1.6461505171052884e+18,frame_6949.jpeg,1364.0,-5702.0,-5651.0,1
1.6461505171528166e+18,frame_6950.jpeg,1458.0,-5284.0,-5707.0,1
1.6461505171993533e+18,frame_6951.jpeg,1376.0,-5343.0,-5847.0,1
1.6461505172543357e+18,frame_6952.jpeg,1363.0,-5629.0,-6043.0,1
1.6461505173043313e+18,frame_6953.jpeg,951.0,-6075.0,-5721.0,1
1.646150517352558e+18,frame_6954.jpeg,1779.0,-5348.0,-5312.0,1
1.6461505174062198e+18,frame_6955.jpeg,1695.0,-5707.0,-5760.0,1
1.646150517451786e+18,frame_6956.jpeg,1584.0,-5333.0,-5664.0,1
1.6461505175070228e+18,frame_6957.jpeg,1362.0,-6063.0,-5445.0,1
1.6461505175575762e+18,frame_6958.jpeg,1338.0,-5523.0,-5682.0,1
1.6461505176072612e+18,frame_6959.jpeg,962.0,-5779.0,-5637.0,1
1.6461505176541478e+18,frame_6960.jpeg,1110.0,-5765.0,-5604.0,1
1.6461505176967954e+18,frame_6961.jpeg,957.0,-6301.0,-5574.0,1
1.646150517755252e+18,frame_6962.jpeg,1487.0,-5593.0,-5289.0,1
1.6461505178065462e+18,frame_6963.jpeg,2341.0,-5056.0,-6072.0,1
1.6461505178581391e+18,frame_6964.jpeg,1965.0,-5122.0,-5405.0,1
1.646150517903282e+18,frame_6965.jpeg,1436.0,-6022.0,-5741.0,1
1.6461505179573215e+18,frame_6966.jpeg,1710.0,-5232.0,-5419.0,1
1.646150518005673e+18,frame_6967.jpeg,1292.0,-5455.0,-5817.0,1
1.6461505180580303e+18,frame_6968.jpeg,813.0,-5736.0,-5771.0,1
1.6461505181062477e+18,frame_6969.jpeg,1437.0,-5599.0,-5709.0,1
1.6461505181575368e+18,frame_6970.jpeg,1815.0,-5057.0,-5608.0,1
1.6461505182009472e+18,frame_6971.jpeg,1374.0,-5875.0,-5962.0,1
1.6461505182555476e+18,frame_6972.jpeg,1912.0,-4853.0,-5642.0,1
1.6461505183045596e+18,frame_6973.jpeg,1279.0,-5413.0,-6110.0,1
1.6461505183525335e+18,frame_6974.jpeg,2078.0,-4925.0,-5766.0,1
1.6461505184039163e+18,frame_6975.jpeg,1711.0,-5260.0,-5694.0,1
1.646150518460446e+18,frame_6976.jpeg,752.0,-6105.0,-5668.0,1
1.6461505185038438e+18,frame_6977.jpeg,1590.0,-5485.0,-5658.0,1
1.6461505185548116e+18,frame_6978.jpeg,1545.0,-5687.0,-5708.0,1
1.646150518603058e+18,frame_6979.jpeg,1402.0,-5459.0,-5700.0,1
1.6461505186555525e+18,frame_6980.jpeg,1262.0,-5358.0,-5726.0,1
1.6461505187059807e+18,frame_6981.jpeg,1071.0,-5247.0,-6156.0,1
1.6461505187555348e+18,frame_6982.jpeg,1673.0,-5075.0,-5729.0,1
1.6461505188055708e+18,frame_6983.jpeg,1292.0,-6439.0,-5019.0,1
1.6461505188600758e+18,frame_6984.jpeg,1684.0,-5551.0,-5199.0,1
1.6461505189058985e+18,frame_6985.jpeg,1428.0,-5455.0,-5936.0,1
1.6461505189561958e+18,frame_6986.jpeg,1492.0,-4878.0,-6044.0,1
1.6461505190064666e+18,frame_6987.jpeg,1169.0,-5701.0,-5873.0,1
1.646150519052783e+18,frame_6988.jpeg,1112.0,-5850.0,-5462.0,1
1.6461505191084933e+18,frame_6989.jpeg,1318.0,-5875.0,-5469.0,1
1.646150519156718e+18,frame_6990.jpeg,1349.0,-5466.0,-5679.0,1
1.646150519210282e+18,frame_6991.jpeg,1483.0,-5477.0,-5948.0,1
1.6461505192556882e+18,frame_6992.jpeg,1476.0,-5524.0,-5499.0,1
1.646150519309035e+18,frame_6993.jpeg,1884.0,-5780.0,-5634.0,1
1.64615051935502e+18,frame_6994.jpeg,1926.0,-5497.0,-5468.0,1
1.646150519409907e+18,frame_6995.jpeg,1870.0,-5290.0,-5619.0,1
1.6461505194540065e+18,frame_6996.jpeg,1372.0,-5661.0,-5676.0,1
1.6461505195101245e+18,frame_6997.jpeg,1205.0,-5465.0,-5874.0,1
1.6461505195562476e+18,frame_6998.jpeg,1525.0,-4925.0,-6056.0,1
1.6461505232664061e+18,frame_7072.jpeg,8123.0,-1546.0,802.0,1
1.6461505233093993e+18,frame_7073.jpeg,7551.0,-2201.0,83.0,1
1.6461505233600205e+18,frame_7074.jpeg,7549.0,-1521.0,-732.0,1
1.6461505234100106e+18,frame_7075.jpeg,7706.0,-2361.0,-1977.0,1
1.6461505234652667e+18,frame_7076.jpeg,7630.0,-1363.0,-357.0,1
1.6461505235015928e+18,frame_7077.jpeg,7702.0,-1575.0,-880.0,1
1.6461505235579415e+18,frame_7078.jpeg,8004.0,-1824.0,-647.0,1
1.6461505236220787e+18,frame_7079.jpeg,7744.0,-2678.0,-741.0,1
1.6461505236610488e+18,frame_7080.jpeg,7847.0,-1605.0,-254.0,1
1.646150523711776e+18,frame_7081.jpeg,7823.0,-1850.0,-812.0,1
1.6461505237603323e+18,frame_7082.jpeg,7654.0,-2149.0,-294.0,1
1.6461505238113326e+18,frame_7083.jpeg,7796.0,-2294.0,-345.0,1
1.646150523860076e+18,frame_7084.jpeg,7581.0,-2092.0,-847.0,1
1.6461505239157668e+18,frame_7085.jpeg,7825.0,-2088.0,-634.0,1
1.6461505239637837e+18,frame_7086.jpeg,7869.0,-2284.0,-188.0,1
1.6461505240139732e+18,frame_7087.jpeg,7677.0,-2266.0,-972.0,1
1.6461505240649298e+18,frame_7088.jpeg,7789.0,-1750.0,-643.0,1
1.6461505241156413e+18,frame_7089.jpeg,7557.0,-2022.0,-1503.0,1
1.6461505241600072e+18,frame_7090.jpeg,7861.0,-2963.0,-2168.0,1
1.6461505242129876e+18,frame_7091.jpeg,8150.0,-1716.0,462.0,1
1.646150524274734e+18,frame_7092.jpeg,7513.0,-951.0,1140.0,1
1.6461505243123274e+18,frame_7093.jpeg,7985.0,-1487.0,1335.0,1
1.6461505243653156e+18,frame_7094.jpeg,7784.0,-1961.0,-213.0,1
1.6461505244055447e+18,frame_7095.jpeg,7045.0,-2689.0,-3016.0,1
1.6461505244650545e+18,frame_7096.jpeg,7637.0,-1660.0,-842.0,1
1.6461505244962255e+18,frame_7097.jpeg,7352.0,-3155.0,-1909.0,1
1.646150524566308e+18,frame_7098.jpeg,7903.0,-1593.0,443.0,1
1.6461505246239421e+18,frame_7099.jpeg,7385.0,-747.0,338.0,1
1.6461505246649436e+18,frame_7100.jpeg,8054.0,-2343.0,-523.0,1
1.6461505247207534e+18,frame_7101.jpeg,8201.0,-1878.0,81.0,1
1.646150524763307e+18,frame_7102.jpeg,7656.0,-2263.0,-977.0,1
1.6461505248106122e+18,frame_7103.jpeg,8326.0,-2145.0,-774.0,1
1.6461505248640095e+18,frame_7104.jpeg,7192.0,-2457.0,-1005.0,1
1.646150524909588e+18,frame_7105.jpeg,8173.0,-2416.0,-547.0,1
1.646150524964657e+18,frame_7106.jpeg,7332.0,-2132.0,-465.0,1
1.6461505250144479e+18,frame_7107.jpeg,7934.0,-1774.0,-768.0,1
1.6461505250631916e+18,frame_7108.jpeg,7684.0,-2326.0,-879.0,1
1.646150525110969e+18,frame_7109.jpeg,7584.0,-2145.0,-619.0,1
1.646150525159018e+18,frame_7110.jpeg,8000.0,-1997.0,-921.0,1
1.646150525214014e+18,frame_7111.jpeg,7548.0,-1778.0,-478.0,1
1.6461505252654769e+18,frame_7112.jpeg,7993.0,-2244.0,-1106.0,1
1.646150525308618e+18,frame_7113.jpeg,7567.0,-2111.0,-625.0,1
1.6461505253639104e+18,frame_7114.jpeg,7761.0,-1967.0,-903.0,1
1.64615052541434e+18,frame_7115.jpeg,7773.0,-2300.0,-519.0,1
1.646150525468853e+18,frame_7116.jpeg,7462.0,-2294.0,-723.0,1
1.6461505255138941e+18,frame_7117.jpeg,7874.0,-2049.0,-763.0,1
1.646150525563761e+18,frame_7118.jpeg,7581.0,-1883.0,-981.0,1
1.6461505256175173e+18,frame_7119.jpeg,7906.0,-1819.0,-425.0,1
1.6461505256681388e+18,frame_7120.jpeg,7587.0,-2440.0,-724.0,1
1.646150525714285e+18,frame_7121.jpeg,7651.0,-2394.0,-681.0,1
1.6461505257687483e+18,frame_7122.jpeg,7698.0,-2788.0,-428.0,1
1.6461505258191112e+18,frame_7123.jpeg,7695.0,-2184.0,12.0,1
1.646150525863141e+18,frame_7124.jpeg,7675.0,-2220.0,-717.0,1
1.6461505259182034e+18,frame_7125.jpeg,7924.0,-2290.0,-833.0,1
1.6461505259621885e+18,frame_7126.jpeg,7592.0,-2346.0,-677.0,1
1.6461505260191608e+18,frame_7127.jpeg,8012.0,-1596.0,18.0,1
1.646150526064366e+18,frame_7128.jpeg,7399.0,-1639.0,-322.0,1
1.646150526109199e+18,frame_7129.jpeg,7719.0,-2364.0,-1266.0,1
1.6461505261653588e+18,frame_7130.jpeg,8007.0,-1873.0,-586.0,1
1.6461505262194724e+18,frame_7131.jpeg,7585.0,-1920.0,-510.0,1
1.6461505262658317e+18,frame_7132.jpeg,7902.0,-2071.0,-1017.0,1
1.6461505263131366e+18,frame_7133.jpeg,7448.0,-2626.0,-997.0,1
1.646150526364728e+18,frame_7134.jpeg,7769.0,-2012.0,-312.0,1
1.6461505264165315e+18,frame_7135.jpeg,7643.0,-2308.0,-376.0,1
1.6461505264642563e+18,frame_7136.jpeg,7676.0,-2291.0,-996.0,1
1.6461505265162662e+18,frame_7137.jpeg,7708.0,-2641.0,-672.0,1
1.6461505265692536e+18,frame_7138.jpeg,7621.0,-2296.0,-357.0,1
1.6461505266174188e+18,frame_7139.jpeg,7890.0,-2605.0,-521.0,1
1.6461505266687606e+18,frame_7140.jpeg,7566.0,-2487.0,-583.0,1
1.6461505267172956e+18,frame_7141.jpeg,7762.0,-2488.0,-402.0,1
1.6461505267620006e+18,frame_7142.jpeg,7800.0,-2507.0,-445.0,1
1.6461505268197832e+18,frame_7143.jpeg,7599.0,-2161.0,-640.0,1
1.6461505268684198e+18,frame_7144.jpeg,7741.0,-2252.0,-1036.0,1
1.6461505269181192e+18,frame_7145.jpeg,7656.0,-2273.0,-105.0,1
1.6461505269684431e+18,frame_7146.jpeg,7723.0,-2026.0,-798.0,1
1.6461505270174687e+18,frame_7147.jpeg,7781.0,-2109.0,-776.0,1
1.6461505270689672e+18,frame_7148.jpeg,7585.0,-2068.0,-900.0,1
1.6461505271172585e+18,frame_7149.jpeg,7687.0,-2397.0,-747.0,1
1.6461505271692216e+18,frame_7150.jpeg,7581.0,-2242.0,-812.0,1
1.646150527217469e+18,frame_7151.jpeg,7671.0,-2512.0,-1018.0,1
1.6461505272693827e+18,frame_7152.jpeg,7487.0,-2167.0,-271.0,1
1.646150527314196e+18,frame_7153.jpeg,7693.0,-2743.0,-1133.0,1
1.6461505273694016e+18,frame_7154.jpeg,7686.0,-2257.0,-746.0,1
1.6461505274162396e+18,frame_7155.jpeg,7628.0,-2253.0,-663.0,1
1.6461505274700078e+18,frame_7156.jpeg,7784.0,-2519.0,-823.0,1
1.6461505275191867e+18,frame_7157.jpeg,7455.0,-2632.0,-786.0,1
1.6461505275675796e+18,frame_7158.jpeg,7821.0,-2464.0,-614.0,1
1.6461505276162365e+18,frame_7159.jpeg,7412.0,-2618.0,-1254.0,1
1.6461505276715433e+18,frame_7160.jpeg,7570.0,-2331.0,-1217.0,1
1.6461505277161452e+18,frame_7161.jpeg,7834.0,-2420.0,-1164.0,1
1.6461505277675274e+18,frame_7162.jpeg,7800.0,-2088.0,524.0,1
1.6461505278170862e+18,frame_7163.jpeg,7618.0,-2437.0,-1240.0,1
1.6461505278699041e+18,frame_7164.jpeg,7805.0,-1847.0,-837.0,1
1.6461505279176497e+18,frame_7165.jpeg,7485.0,-1994.0,-1172.0,1
1.646150527968645e+18,frame_7166.jpeg,7915.0,-2391.0,-956.0,1
1.6461505280214019e+18,frame_7167.jpeg,7312.0,-2612.0,-894.0,1
1.6461505280688832e+18,frame_7168.jpeg,7528.0,-2589.0,-947.0,1
1.6461505281214223e+18,frame_7169.jpeg,7630.0,-2398.0,-1467.0,1
1.6461505281684352e+18,frame_7170.jpeg,7632.0,-1873.0,-840.0,1
1.6461505282173688e+18,frame_7171.jpeg,7717.0,-2292.0,-872.0,1
1.6461505282701097e+18,frame_7172.jpeg,7461.0,-3063.0,-778.0,1
1.646150528322006e+18,frame_7173.jpeg,7768.0,-2328.0,-644.0,1
1.6461505283727972e+18,frame_7174.jpeg,7465.0,-2385.0,-1241.0,1
1.6461505284174062e+18,frame_7175.jpeg,7496.0,-2415.0,-699.0,1
1.6461505284660762e+18,frame_7176.jpeg,7736.0,-2369.0,-885.0,1
1.6461505285187886e+18,frame_7177.jpeg,7626.0,-2115.0,-747.0,1
1.646150528569622e+18,frame_7178.jpeg,7664.0,-2287.0,-1323.0,1
1.6461505286275625e+18,frame_7179.jpeg,7561.0,-2235.0,-1260.0,1
1.6461505286678484e+18,frame_7180.jpeg,7660.0,-2147.0,-1063.0,1
1.6461505287205245e+18,frame_7181.jpeg,7966.0,-2913.0,221.0,1
1.6461505287628987e+18,frame_7182.jpeg,7651.0,-2643.0,-414.0,1
1.6461505288222208e+18,frame_7183.jpeg,7482.0,-2477.0,-612.0,1
1.646150528866761e+18,frame_7184.jpeg,7728.0,-2543.0,-620.0,1
1.6461505289220242e+18,frame_7185.jpeg,7577.0,-2439.0,-478.0,1
1.646150528966005e+18,frame_7186.jpeg,7678.0,-2228.0,-792.0,1
1.6461505290215613e+18,frame_7187.jpeg,7583.0,-1908.0,-1027.0,1
1.6461505290703555e+18,frame_7188.jpeg,7855.0,-2459.0,-876.0,1
1.6461505291214124e+18,frame_7189.jpeg,7710.0,-2727.0,96.0,1
1.6461505291696737e+18,frame_7190.jpeg,7445.0,-2411.0,-769.0,1
1.6461505292189197e+18,frame_7191.jpeg,7681.0,-2149.0,-797.0,1
1.6461505292715036e+18,frame_7192.jpeg,7669.0,-2503.0,-815.0,1
1.6461505293218877e+18,frame_7193.jpeg,7705.0,-2305.0,-357.0,1
1.6461505293698043e+18,frame_7194.jpeg,7656.0,-2185.0,-1055.0,1
1.6461505294227284e+18,frame_7195.jpeg,7825.0,-2108.0,-814.0,1
1.6461505294652403e+18,frame_7196.jpeg,7855.0,-2261.0,-472.0,1
1.6461505295238825e+18,frame_7197.jpeg,7461.0,-2429.0,-836.0,1
1.6461505295752947e+18,frame_7198.jpeg,7907.0,-2299.0,-1163.0,1
1.6461505296206784e+18,frame_7199.jpeg,7490.0,-2141.0,-1139.0,1
1.6461505296747e+18,frame_7200.jpeg,7649.0,-2209.0,-839.0,1
1.6461505297186043e+18,frame_7201.jpeg,7771.0,-2423.0,34.0,1
1.6461505297748403e+18,frame_7202.jpeg,8029.0,-2222.0,530.0,1
1.6461505298202934e+18,frame_7203.jpeg,7233.0,-3859.0,-2545.0,1
1.6461505298736955e+18,frame_7204.jpeg,7844.0,-1193.0,-1093.0,1
1.646150529919716e+18,frame_7205.jpeg,7489.0,-2039.0,-936.0,1
1.646150529973839e+18,frame_7206.jpeg,7668.0,-2460.0,-32.0,1
1.6461505300191782e+18,frame_7207.jpeg,7759.0,-2317.0,-917.0,1
1.646150530074217e+18,frame_7208.jpeg,8050.0,-1455.0,-699.0,1
1.646150530119796e+18,frame_7209.jpeg,7756.0,-2439.0,-414.0,1
1.6461505301710395e+18,frame_7210.jpeg,7931.0,-2529.0,-563.0,1
1.646150530223668e+18,frame_7211.jpeg,7479.0,-2232.0,-1058.0,1
1.6461505302745454e+18,frame_7212.jpeg,7906.0,-1682.0,-330.0,1
1.646150530319476e+18,frame_7213.jpeg,7393.0,-2277.0,-1243.0,1
1.6461505303730132e+18,frame_7214.jpeg,7953.0,-1880.0,-661.0,1
1.646150530420346e+18,frame_7215.jpeg,7443.0,-2321.0,-1170.0,1
1.646150530475374e+18,frame_7216.jpeg,7936.0,-1658.0,-594.0,1
1.6461505305200927e+18,frame_7217.jpeg,7827.0,-2015.0,-182.0,1
1.6461505305769551e+18,frame_7218.jpeg,7712.0,-1850.0,-91.0,1
1.6461505306232648e+18,frame_7219.jpeg,7599.0,-2519.0,-1244.0,1
1.6461505306735752e+18,frame_7220.jpeg,7667.0,-1765.0,-662.0,1
1.6461505307195095e+18,frame_7221.jpeg,7703.0,-2426.0,-1299.0,1
1.6461505307727124e+18,frame_7222.jpeg,7921.0,-1569.0,-843.0,1
1.6461505308191357e+18,frame_7223.jpeg,7755.0,-1935.0,-700.0,1
1.6461505308743537e+18,frame_7224.jpeg,7618.0,-2435.0,-807.0,1
1.6461505309225052e+18,frame_7225.jpeg,7778.0,-2466.0,-635.0,1
1.646150530973308e+18,frame_7226.jpeg,7724.0,-1985.0,-502.0,1
1.646150531020065e+18,frame_7227.jpeg,7357.0,-2606.0,-1204.0,1
1.6461505310739195e+18,frame_7228.jpeg,8086.0,-1900.0,-219.0,1
1.646150531121934e+18,frame_7229.jpeg,7516.0,-2577.0,-1356.0,1
1.64615053117325e+18,frame_7230.jpeg,7902.0,-1229.0,-540.0,1
1.6461505312241085e+18,frame_7231.jpeg,7560.0,-1893.0,-1206.0,1
1.6461505312741458e+18,frame_7232.jpeg,7838.0,-2024.0,-587.0,1
1.6461505313276826e+18,frame_7233.jpeg,7761.0,-2052.0,-855.0,1
1.6461505313747095e+18,frame_7234.jpeg,7959.0,-1722.0,-204.0,1
1.6461505314271357e+18,frame_7235.jpeg,7597.0,-1919.0,-527.0,1
1.6461505314751332e+18,frame_7236.jpeg,7720.0,-2678.0,-398.0,1
1.646150531527163e+18,frame_7237.jpeg,7683.0,-1588.0,-788.0,1
1.646150531570086e+18,frame_7238.jpeg,7649.0,-2275.0,-1414.0,1
1.646150531624909e+18,frame_7239.jpeg,8100.0,-1545.0,-102.0,1
1.6461505316730634e+18,frame_7240.jpeg,7345.0,-2719.0,-1349.0,1
1.6461505317213478e+18,frame_7241.jpeg,7792.0,-2111.0,-748.0,1
1.6461505317735263e+18,frame_7242.jpeg,7409.0,-2485.0,-984.0,1
1.6461505318236785e+18,frame_7243.jpeg,7961.0,-1791.0,-612.0,1
1.646150531875576e+18,frame_7244.jpeg,7666.0,-2655.0,-787.0,1
1.6461505319180815e+18,frame_7245.jpeg,7919.0,-2337.0,342.0,1
1.6461505319716424e+18,frame_7246.jpeg,7825.0,-2538.0,-1035.0,1
1.6461505320264225e+18,frame_7247.jpeg,7827.0,-1433.0,-825.0,1
1.6461505320728343e+18,frame_7248.jpeg,7827.0,-1693.0,-331.0,1
1.6461505321277204e+18,frame_7249.jpeg,7879.0,-1430.0,-511.0,1
1.6461505321725635e+18,frame_7250.jpeg,7458.0,-2286.0,-910.0,1
1.6461505322266437e+18,frame_7251.jpeg,8014.0,-2153.0,-633.0,1
1.6461505322763965e+18,frame_7252.jpeg,7734.0,-1837.0,-380.0,1
1.6461505323269921e+18,frame_7253.jpeg,7878.0,-2033.0,-41.0,1
1.6461505323735173e+18,frame_7254.jpeg,7411.0,-2838.0,-1004.0,1
1.646150532426793e+18,frame_7255.jpeg,7910.0,-1790.0,-117.0,1
1.6461505324722312e+18,frame_7256.jpeg,7630.0,-2016.0,-1021.0,1
1.6461505325270543e+18,frame_7257.jpeg,7824.0,-2494.0,-728.0,1
1.646150532571358e+18,frame_7258.jpeg,7772.0,-1735.0,-448.0,1
1.6461505326272673e+18,frame_7259.jpeg,7812.0,-2272.0,-823.0,1
1.6461505326709606e+18,frame_7260.jpeg,7704.0,-2137.0,-65.0,1
1.6461505327259246e+18,frame_7261.jpeg,7558.0,-2981.0,-647.0,1
1.6461505327763228e+18,frame_7262.jpeg,7913.0,-1909.0,-466.0,1
1.6461505328235835e+18,frame_7263.jpeg,7440.0,-2297.0,-667.0,1
1.6461505328768553e+18,frame_7264.jpeg,8245.0,-1732.0,-967.0,1
1.6461505329253686e+18,frame_7265.jpeg,7792.0,-1917.0,-351.0,1
1.646150532976058e+18,frame_7266.jpeg,7836.0,-1564.0,-930.0,1
1.6461505330266314e+18,frame_7267.jpeg,7630.0,-2092.0,-586.0,1
1.6461505330759972e+18,frame_7268.jpeg,7637.0,-2291.0,-998.0,1
1.646150533122096e+18,frame_7269.jpeg,7898.0,-1671.0,-80.0,1
1.6461505331794557e+18,frame_7270.jpeg,7689.0,-2118.0,-91.0,1
1.6461505332265613e+18,frame_7271.jpeg,7742.0,-1875.0,-1475.0,1
1.6461505332759997e+18,frame_7272.jpeg,7910.0,-2036.0,-125.0,1
1.6461505333265946e+18,frame_7273.jpeg,7645.0,-2608.0,-1005.0,1
1.646150533376641e+18,frame_7274.jpeg,8091.0,-1757.0,-19.0,1
1.6461505334265403e+18,frame_7275.jpeg,7515.0,-2242.0,-1099.0,1
1.6461505334805768e+18,frame_7276.jpeg,7857.0,-1787.0,-887.0,1
1.6461505335261683e+18,frame_7277.jpeg,7609.0,-2441.0,-410.0,1
1.6461505335783373e+18,frame_7278.jpeg,7738.0,-2667.0,-502.0,1
1.6461505336267955e+18,frame_7279.jpeg,7658.0,-2010.0,-1318.0,1
1.646150533674759e+18,frame_7280.jpeg,7949.0,-1712.0,-552.0,1
1.6461505337249172e+18,frame_7281.jpeg,7339.0,-2502.0,-1228.0,1
1.646150533777819e+18,frame_7282.jpeg,7950.0,-1747.0,-219.0,1
1.6461505338263608e+18,frame_7283.jpeg,7498.0,-2238.0,-1328.0,1
1.6461505338786463e+18,frame_7284.jpeg,7879.0,-1703.0,-378.0,1
1.6461505339183734e+18,frame_7285.jpeg,7870.0,-1995.0,-729.0,1
1.646150533977092e+18,frame_7286.jpeg,7975.0,-1706.0,-831.0,1
1.6461505340192082e+18,frame_7287.jpeg,7591.0,-2246.0,-1108.0,1
1.6461505340754552e+18,frame_7288.jpeg,7791.0,-2014.0,-223.0,1
1.6461505341226278e+18,frame_7289.jpeg,7646.0,-1943.0,-737.0,1
1.6461505341775688e+18,frame_7290.jpeg,7949.0,-2181.0,-71.0,1
1.6461505342255923e+18,frame_7291.jpeg,7109.0,-2356.0,-1872.0,1
1.6461505342755284e+18,frame_7292.jpeg,7611.0,-2280.0,-944.0,1
1.646150534323737e+18,frame_7293.jpeg,7781.0,-2597.0,-736.0,1
1.6461505343741302e+18,frame_7294.jpeg,7787.0,-1863.0,-826.0,1
1.6461505344311828e+18,frame_7295.jpeg,7698.0,-2427.0,-517.0,1
1.646150534477065e+18,frame_7296.jpeg,7650.0,-2155.0,-916.0,1
1.6461505345296138e+18,frame_7297.jpeg,7709.0,-2441.0,-692.0,1
1.6461505345788808e+18,frame_7298.jpeg,7806.0,-1828.0,-664.0,1
1.6461505346293343e+18,frame_7299.jpeg,7716.0,-2628.0,-911.0,1
1.646150534676145e+18,frame_7300.jpeg,7756.0,-1900.0,-794.0,1
1.6461505347333325e+18,frame_7301.jpeg,7786.0,-1833.0,-676.0,1
1.6461505347433984e+18,frame_7302.jpeg,7784.0,-1948.0,-867.0,1
1.646150534827958e+18,frame_7303.jpeg,7582.0,-2128.0,-1027.0,1
1.6461505348770511e+18,frame_7304.jpeg,7940.0,-1797.0,-612.0,1
1.6461505349306542e+18,frame_7305.jpeg,7543.0,-2070.0,-1250.0,1
1.6461505349746127e+18,frame_7306.jpeg,7829.0,-2128.0,-25.0,1
1.646150535027422e+18,frame_7307.jpeg,7410.0,-2022.0,-725.0,1
1.6461505350768187e+18,frame_7308.jpeg,7826.0,-1767.0,-758.0,1
1.646150535129471e+18,frame_7309.jpeg,7356.0,-2313.0,-1071.0,1
1.64615053517084e+18,frame_7310.jpeg,8046.0,-2203.0,-698.0,1
1.6461505352311688e+18,frame_7311.jpeg,7486.0,-2483.0,-957.0,1
1.646150535278174e+18,frame_7312.jpeg,7818.0,-2236.0,-574.0,1
1.6461505353288187e+18,frame_7313.jpeg,7781.0,-1965.0,-849.0,1
1.6461505353771098e+18,frame_7314.jpeg,7676.0,-2239.0,-933.0,1
1.6461505354310008e+18,frame_7315.jpeg,7605.0,-2188.0,-971.0,1
1.646150535480257e+18,frame_7316.jpeg,7826.0,-1976.0,-725.0,1
1.646150535529791e+18,frame_7317.jpeg,8515.0,-1170.0,828.0,1
1.6461505355515167e+18,frame_7318.jpeg,7540.0,-1673.0,-1006.0,1
1.646150535669401e+18,frame_7319.jpeg,7299.0,-2382.0,-1639.0,1
1.6461505356736397e+18,frame_7320.jpeg,7229.0,-3146.0,-2027.0,1
1.646150535729314e+18,frame_7321.jpeg,7760.0,-1900.0,-1399.0,1
1.646150535778943e+18,frame_7322.jpeg,7650.0,-2102.0,-518.0,1
1.6461505358294766e+18,frame_7323.jpeg,7432.0,-2303.0,-711.0,1
1.6461505358773304e+18,frame_7324.jpeg,7799.0,-2357.0,-481.0,1
1.646150535926551e+18,frame_7325.jpeg,7871.0,-1884.0,-456.0,1
1.646150535981676e+18,frame_7326.jpeg,8077.0,-1788.0,-69.0,1
1.6461505360308122e+18,frame_7327.jpeg,6512.0,-3683.0,-3925.0,1
1.646150536083989e+18,frame_7328.jpeg,7966.0,-751.0,-79.0,1
1.6461505361310182e+18,frame_7329.jpeg,7686.0,-2001.0,1156.0,1
1.6461505361798646e+18,frame_7330.jpeg,7075.0,-3875.0,-2226.0,1
1.6461505362279252e+18,frame_7331.jpeg,7712.0,-1222.0,-637.0,1
1.6461505362811904e+18,frame_7332.jpeg,7709.0,-2485.0,-66.0,1
1.6461505363299274e+18,frame_7333.jpeg,7818.0,-2557.0,-1072.0,1
1.6461505363822484e+18,frame_7334.jpeg,7408.0,-2116.0,-1240.0,1
1.6461505364301187e+18,frame_7335.jpeg,8020.0,-1714.0,-856.0,1
1.6461505364781852e+18,frame_7336.jpeg,7516.0,-2954.0,-944.0,1
1.6461505365294428e+18,frame_7337.jpeg,7675.0,-1670.0,-1120.0,1
1.646150536581772e+18,frame_7338.jpeg,7597.0,-1505.0,-1411.0,1
1.646150536625097e+18,frame_7339.jpeg,7655.0,-1878.0,-509.0,1
1.6461505366811067e+18,frame_7340.jpeg,7692.0,-2285.0,-255.0,1
1.646150536730265e+18,frame_7341.jpeg,7536.0,-2473.0,-969.0,1
1.646150536782385e+18,frame_7342.jpeg,7527.0,-2197.0,-1234.0,1
1.6461505368268987e+18,frame_7343.jpeg,7684.0,-2177.0,-1130.0,1
1.6461505368769828e+18,frame_7344.jpeg,7757.0,-2268.0,-1018.0,1
1.6461505369299894e+18,frame_7345.jpeg,7719.0,-2401.0,-821.0,1
1.6461505369844362e+18,frame_7346.jpeg,7619.0,-2159.0,-1073.0,1
1.6461505370266706e+18,frame_7347.jpeg,7789.0,-2032.0,-1057.0,1
1.6461505370842557e+18,frame_7348.jpeg,7629.0,-2218.0,-1493.0,1
1.6461505371311818e+18,frame_7349.jpeg,7873.0,-1550.0,-1047.0,1
1.646150537176671e+18,frame_7350.jpeg,7863.0,-2309.0,-1336.0,1
1.6461505372286456e+18,frame_7351.jpeg,8088.0,-1544.0,-886.0,1
1.6461505372813898e+18,frame_7352.jpeg,7322.0,-2372.0,-2220.0,1
1.6461505373290806e+18,frame_7353.jpeg,7855.0,-1746.0,-633.0,1
1.6461505373797379e+18,frame_7354.jpeg,7392.0,-1628.0,-1870.0,1
1.646150537429392e+18,frame_7355.jpeg,7657.0,-2134.0,-1520.0,1
1.646150537479551e+18,frame_7356.jpeg,7806.0,-1541.0,-1598.0,1
1.6461505375294804e+18,frame_7357.jpeg,7430.0,-1746.0,-1348.0,1
1.6461505375812403e+18,frame_7358.jpeg,7787.0,-1793.0,-1668.0,1
1.646150537632276e+18,frame_7359.jpeg,7653.0,-1762.0,-1712.0,1
1.6461505376788782e+18,frame_7360.jpeg,7683.0,-1630.0,-1033.0,1
1.6461505377346455e+18,frame_7361.jpeg,8100.0,-1869.0,-105.0,1
1.6461505377788756e+18,frame_7362.jpeg,6789.0,-2965.0,-2601.0,1
1.646150537834734e+18,frame_7363.jpeg,7965.0,-1070.0,-1193.0,1
1.6461505378784166e+18,frame_7364.jpeg,7527.0,-2444.0,-1296.0,1
1.6461505379304607e+18,frame_7365.jpeg,7883.0,-1957.0,-1050.0,1
1.6461505379789194e+18,frame_7366.jpeg,7166.0,-2143.0,-1659.0,1
1.64615053803394e+18,frame_7367.jpeg,7710.0,-2414.0,-1321.0,1
1.6461505380814817e+18,frame_7368.jpeg,7879.0,-1849.0,-1309.0,1
1.6461505381338522e+18,frame_7369.jpeg,7379.0,-2168.0,-1044.0,1
1.6461505381840253e+18,frame_7370.jpeg,7906.0,-2162.0,-1560.0,1
1.646150538234219e+18,frame_7371.jpeg,7687.0,-2310.0,-104.0,1
1.6461505382806548e+18,frame_7372.jpeg,7317.0,-1784.0,-2026.0,1
1.6461505383301645e+18,frame_7373.jpeg,7817.0,-1491.0,-1294.0,1
1.6461505383783624e+18,frame_7374.jpeg,7341.0,-2160.0,-1815.0,1
1.6461505384349284e+18,frame_7375.jpeg,8067.0,-1315.0,-815.0,1
1.6461505384833587e+18,frame_7376.jpeg,7531.0,-2603.0,-740.0,1
1.6461505385288576e+18,frame_7377.jpeg,8164.0,-1759.0,-671.0,1
1.6461505385829476e+18,frame_7378.jpeg,7488.0,-1292.0,-1684.0,1
1.6461505386340792e+18,frame_7379.jpeg,7812.0,-1626.0,-1043.0,1
1.6461505386828628e+18,frame_7380.jpeg,7852.0,-2082.0,-1393.0,1
1.6461505387338803e+18,frame_7381.jpeg,7571.0,-1422.0,-1231.0,1
1.6461505387811656e+18,frame_7382.jpeg,7754.0,-1128.0,-1624.0,1
1.6461505388371546e+18,frame_7383.jpeg,7499.0,-1804.0,-1686.0,1
1.646150538880064e+18,frame_7384.jpeg,8243.0,-1734.0,-568.0,1
1.646150538932196e+18,frame_7385.jpeg,8115.0,-1893.0,360.0,1
1.6461505389775583e+18,frame_7386.jpeg,7442.0,-1932.0,-2049.0,1
1.6461505390297728e+18,frame_7387.jpeg,7963.0,-1766.0,-1733.0,1
1.6461505390799547e+18,frame_7388.jpeg,7189.0,-2475.0,-1077.0,1
1.646150539132016e+18,frame_7389.jpeg,7841.0,-2529.0,-1269.0,1
1.6461505391835218e+18,frame_7390.jpeg,7442.0,-1833.0,-1281.0,1
1.6461505392330394e+18,frame_7391.jpeg,7725.0,-1727.0,-1257.0,1
1.646150539287961e+18,frame_7392.jpeg,7620.0,-2349.0,-1205.0,1
1.6461505393334267e+18,frame_7393.jpeg,7684.0,-1929.0,-952.0,1
1.6461505393858358e+18,frame_7394.jpeg,7656.0,-1916.0,-1395.0,1
1.6461505394335642e+18,frame_7395.jpeg,7870.0,-1983.0,-1200.0,1
1.6461505394882255e+18,frame_7396.jpeg,7626.0,-2007.0,-1483.0,1
1.6461505395360108e+18,frame_7397.jpeg,7940.0,-1655.0,-1162.0,1
1.6461505395853102e+18,frame_7398.jpeg,7746.0,-1941.0,-1256.0,1
1.6461505396325512e+18,frame_7399.jpeg,7927.0,-1516.0,-959.0,1
1.6461505396738056e+18,frame_7400.jpeg,7375.0,-1870.0,-1491.0,1
1.6461505397363855e+18,frame_7401.jpeg,7710.0,-1931.0,-1555.0,1
1.6461505397856374e+18,frame_7402.jpeg,7788.0,-1334.0,-1150.0,1
1.646150539832554e+18,frame_7403.jpeg,7611.0,-1342.0,-1339.0,1
1.6461505399330112e+18,frame_7404.jpeg,7668.0,-1437.0,-1284.0,1
1.6461505399330112e+18,frame_7405.jpeg,7668.0,-1437.0,-1284.0,1
1.6461505399873784e+18,frame_7406.jpeg,7909.0,-2059.0,-1460.0,1
1.646150540033869e+18,frame_7407.jpeg,7799.0,-1146.0,-1415.0,1
1.6461505400840236e+18,frame_7408.jpeg,7393.0,-1769.0,-1555.0,1
1.6461505401147182e+18,frame_7409.jpeg,7713.0,-2112.0,-1357.0,1
1.6461505401855795e+18,frame_7410.jpeg,7964.0,-2005.0,-1398.0,1
1.6461505402329562e+18,frame_7411.jpeg,7610.0,-1588.0,-1521.0,1
1.646150540290968e+18,frame_7412.jpeg,7818.0,-1937.0,-1312.0,1
1.6461505403181952e+18,frame_7413.jpeg,7831.0,-1900.0,-1240.0,1
1.646150540412533e+18,frame_7414.jpeg,7810.0,-1917.0,-1196.0,1
1.6461505404142612e+18,frame_7415.jpeg,7793.0,-1937.0,-1193.0,1
1.6461505404678845e+18,frame_7416.jpeg,7782.0,-1905.0,-1219.0,1
1.6461505405239982e+18,frame_7417.jpeg,7759.0,-1949.0,-1349.0,1
1.646150540584525e+18,frame_7418.jpeg,7558.0,-2039.0,-1524.0,1
1.6461505406306222e+18,frame_7419.jpeg,7357.0,-1686.0,-1065.0,1
1.6461505406830835e+18,frame_7420.jpeg,7702.0,-1499.0,-1092.0,1
1.6461505891449103e+18,frame_8388.jpeg,7673.0,-932.0,-982.0,1
1.646150589200105e+18,frame_8389.jpeg,7729.0,-1125.0,-1525.0,1
1.6461505892429112e+18,frame_8390.jpeg,7776.0,-893.0,-1409.0,1
1.6461505892997228e+18,frame_8391.jpeg,7826.0,-918.0,-1487.0,1
1.6461505893458263e+18,frame_8392.jpeg,7880.0,-899.0,-1351.0,1
1.6461505893965855e+18,frame_8393.jpeg,7803.0,-1085.0,-1440.0,1
1.6461505894445896e+18,frame_8394.jpeg,7896.0,-895.0,-1398.0,1
1.6461505894968934e+18,frame_8395.jpeg,7730.0,-1095.0,-1205.0,1
1.6461505895443878e+18,frame_8396.jpeg,7855.0,-1038.0,-1288.0,1
1.6461505896048653e+18,frame_8397.jpeg,8223.0,-628.0,-1263.0,1
1.6461505896434762e+18,frame_8398.jpeg,7890.0,-1082.0,-1346.0,1
1.6461505896991437e+18,frame_8399.jpeg,7665.0,-781.0,-1302.0,1
1.6461505897461023e+18,frame_8400.jpeg,8093.0,-546.0,-1210.0,1
1.646150589795743e+18,frame_8401.jpeg,7855.0,-696.0,-1276.0,1
1.6461505898383583e+18,frame_8402.jpeg,7782.0,-754.0,-1312.0,1
1.6461505898973e+18,frame_8403.jpeg,7900.0,-676.0,-1282.0,1
1.646150589944207e+18,frame_8404.jpeg,7976.0,-733.0,-1196.0,1
1.646150589993e+18,frame_8405.jpeg,7834.0,-786.0,-1125.0,1
1.6461505900458127e+18,frame_8406.jpeg,7811.0,-785.0,-1124.0,1
1.6461505901248125e+18,frame_8407.jpeg,7863.0,-746.0,-1138.0,1
1.6461505901362706e+18,frame_8408.jpeg,7855.0,-766.0,-1132.0,1
1.6461505901835517e+18,frame_8409.jpeg,7811.0,-756.0,-1078.0,1
1.6461505902500575e+18,frame_8410.jpeg,7881.0,-745.0,-1062.0,1
1.6461505902928993e+18,frame_8411.jpeg,7857.0,-741.0,-1044.0,1
1.6461505903363453e+18,frame_8412.jpeg,7847.0,-748.0,-1035.0,1
1.64615059039857e+18,frame_8413.jpeg,7855.0,-761.0,-1011.0,1
1.6461505904245496e+18,frame_8414.jpeg,7855.0,-784.0,-987.0,1
1.646150590506057e+18,frame_8415.jpeg,7862.0,-824.0,-929.0,1
1.6461505905419566e+18,frame_8416.jpeg,7823.0,-855.0,-859.0,1
1.646150590615639e+18,frame_8417.jpeg,7837.0,-818.0,-898.0,1
1.646150590648563e+18,frame_8418.jpeg,7892.0,-733.0,-923.0,1
1.646150590698243e+18,frame_8419.jpeg,7985.0,-734.0,-990.0,1
1.6461505907488166e+18,frame_8420.jpeg,7830.0,-795.0,-959.0,1
1.6461505907954721e+18,frame_8421.jpeg,8145.0,-919.0,-923.0,1
1.6461505908425413e+18,frame_8422.jpeg,8273.0,-812.0,-810.0,1
1.6461505908964995e+18,frame_8423.jpeg,7897.0,-401.0,-984.0,1
1.6461505909505252e+18,frame_8424.jpeg,7892.0,-609.0,-990.0,1
1.646150591005187e+18,frame_8425.jpeg,7907.0,-520.0,-965.0,1
1.6461505910528497e+18,frame_8426.jpeg,7964.0,-536.0,-935.0,1
1.64615059109663e+18,frame_8427.jpeg,8056.0,-536.0,-964.0,1
1.6461505911493778e+18,frame_8428.jpeg,7962.0,-987.0,-1219.0,1
1.6461505912096294e+18,frame_8429.jpeg,7851.0,-905.0,-1181.0,1
1.6461505912483008e+18,frame_8430.jpeg,7993.0,-852.0,-1528.0,1
1.646150591298815e+18,frame_8431.jpeg,7799.0,-833.0,-1196.0,1
1.646150591347562e+18,frame_8432.jpeg,7822.0,-645.0,-1443.0,1
1.646150591423541e+18,frame_8433.jpeg,7795.0,-692.0,-1455.0,1
1.6461505914492265e+18,frame_8434.jpeg,8091.0,-857.0,-892.0,1
1.6461505914985587e+18,frame_8435.jpeg,7906.0,-1063.0,-989.0,1
1.6461505915473044e+18,frame_8436.jpeg,8097.0,-303.0,-879.0,1
1.6461505915977126e+18,frame_8437.jpeg,7823.0,-767.0,-920.0,1
1.6461505916490079e+18,frame_8438.jpeg,7895.0,-1023.0,-1382.0,1
1.6461505916954e+18,frame_8439.jpeg,8062.0,-530.0,-925.0,1
1.6461505917497257e+18,frame_8440.jpeg,7960.0,-439.0,-660.0,1
1.6461505918249044e+18,frame_8441.jpeg,7973.0,-655.0,-813.0,1
1.6461505918480266e+18,frame_8442.jpeg,8029.0,-993.0,-994.0,1
1.646150591894535e+18,frame_8443.jpeg,8020.0,-874.0,-1156.0,1
1.6461505919461998e+18,frame_8444.jpeg,7794.0,-370.0,-958.0,1
1.6461505919945587e+18,frame_8445.jpeg,8138.0,-1085.0,-1387.0,1
1.646150592056212e+18,frame_8446.jpeg,8291.0,-998.0,-1302.0,1
1.646150592090366e+18,frame_8447.jpeg,8378.0,-866.0,-1177.0,1
1.646150592135691e+18,frame_8448.jpeg,8407.0,-710.0,-1017.0,1
1.64615059221683e+18,frame_8449.jpeg,8414.0,-543.0,-844.0,1
1.6461505922447944e+18,frame_8450.jpeg,8429.0,-356.0,-671.0,1
1.646150592318783e+18,frame_8451.jpeg,8428.0,-189.0,-492.0,1
1.6461505923720668e+18,frame_8452.jpeg,8398.0,-69.0,-362.0,1
1.6461505924050852e+18,frame_8453.jpeg,8309.0,21.0,-253.0,1
1.6461505924570765e+18,frame_8454.jpeg,8196.0,79.0,-163.0,1
1.646150592532609e+18,frame_8455.jpeg,7975.0,106.0,-130.0,1
1.6461505925587154e+18,frame_8456.jpeg,7874.0,97.0,-159.0,1
1.646150592601596e+18,frame_8457.jpeg,7765.0,12.0,-369.0,1
1.646150592663208e+18,frame_8458.jpeg,7814.0,-131.0,-587.0,1
1.6461505927024084e+18,frame_8459.jpeg,7846.0,-283.0,-740.0,1
1.6461505927725842e+18,frame_8460.jpeg,7826.0,-754.0,-937.0,1
1.6461505928018534e+18,frame_8461.jpeg,8136.0,-471.0,-119.0,1
1.6461505928511598e+18,frame_8462.jpeg,7916.0,-639.0,-841.0,1
1.6461505929022208e+18,frame_8463.jpeg,8161.0,-614.0,-605.0,1
1.6461505929418767e+18,frame_8464.jpeg,7817.0,-221.0,-357.0,1
1.6461505930007276e+18,frame_8465.jpeg,7921.0,-237.0,-803.0,1
1.646150593044382e+18,frame_8466.jpeg,8004.0,-300.0,-1135.0,1
1.6461505931006482e+18,frame_8467.jpeg,8183.0,-221.0,-649.0,1
1.646150593147726e+18,frame_8468.jpeg,8099.0,-315.0,-638.0,1
1.6461505931951263e+18,frame_8469.jpeg,7987.0,-394.0,-652.0,1
1.6461505932330488e+18,frame_8470.jpeg,7877.0,-473.0,-662.0,1
1.6461505932715036e+18,frame_8471.jpeg,7809.0,-559.0,-705.0,1
1.646150593351432e+18,frame_8472.jpeg,7786.0,-619.0,-746.0,1
1.6461505933880353e+18,frame_8473.jpeg,7793.0,-678.0,-777.0,1
1.6461505934555174e+18,frame_8474.jpeg,8114.0,-587.0,-934.0,1
1.646150593509616e+18,frame_8475.jpeg,8039.0,-616.0,-822.0,1
1.6461505935476406e+18,frame_8476.jpeg,7962.0,-265.0,-30.0,1
1.646150593600152e+18,frame_8477.jpeg,8129.0,-659.0,-934.0,1
1.6461505936046508e+18,frame_8478.jpeg,8174.0,-664.0,-938.0,1
1.6461505936963412e+18,frame_8479.jpeg,8197.0,-640.0,-942.0,1
1.6461505937436134e+18,frame_8480.jpeg,7989.0,-71.0,-647.0,1
1.6461505937988137e+18,frame_8481.jpeg,7798.0,36.0,-495.0,1
1.64615059382324e+18,frame_8482.jpeg,7761.0,-16.0,-379.0,1
1.646150593876264e+18,frame_8483.jpeg,7782.0,48.0,-337.0,1
1.6461505939524227e+18,frame_8484.jpeg,7725.0,143.0,-347.0,1
1.6461505940011346e+18,frame_8485.jpeg,7734.0,126.0,-370.0,1
1.6461505940541194e+18,frame_8486.jpeg,8137.0,-432.0,-112.0,1
1.6461505941012572e+18,frame_8487.jpeg,8301.0,-261.0,-358.0,1
1.6461505941401175e+18,frame_8488.jpeg,7764.0,-180.0,-728.0,1
1.6461505941998195e+18,frame_8489.jpeg,8032.0,-335.0,-1022.0,1
1.6461505942513505e+18,frame_8490.jpeg,7961.0,-502.0,-1158.0,1
1.6461505942962332e+18,frame_8491.jpeg,7877.0,26.0,-596.0,1
1.6461505943550743e+18,frame_8492.jpeg,8145.0,-314.0,-482.0,1
1.6461505943973965e+18,frame_8493.jpeg,8211.0,-341.0,-540.0,1
1.646150594468518e+18,frame_8494.jpeg,7757.0,-194.0,-679.0,1
1.6461505944959043e+18,frame_8495.jpeg,7571.0,-266.0,-834.0,1
1.6461505945400906e+18,frame_8496.jpeg,7527.0,-308.0,-951.0,1
1.6461505945695521e+18,frame_8497.jpeg,7507.0,-342.0,-1096.0,1
1.646150594641193e+18,frame_8498.jpeg,7514.0,-363.0,-1249.0,1
1.646150594698577e+18,frame_8499.jpeg,7688.0,-314.0,-1539.0,1
1.6461505947433518e+18,frame_8500.jpeg,7934.0,-221.0,-1711.0,1
1.6461505948025608e+18,frame_8501.jpeg,8032.0,-257.0,-1673.0,1
1.646150594852483e+18,frame_8502.jpeg,7810.0,-626.0,-1619.0,1
1.646150594904498e+18,frame_8503.jpeg,7810.0,-354.0,-1048.0,1
1.6461505949323553e+18,frame_8504.jpeg,7858.0,-304.0,-956.0,1
1.646150595000548e+18,frame_8505.jpeg,7874.0,-188.0,-1043.0,1
1.6461505950572472e+18,frame_8506.jpeg,7969.0,-571.0,-1125.0,1
1.6461505951033303e+18,frame_8507.jpeg,8140.0,-256.0,-850.0,1
1.6461505951537024e+18,frame_8508.jpeg,7903.0,-29.0,-826.0,1
1.6461505951954332e+18,frame_8509.jpeg,7837.0,-102.0,-942.0,1
1.6461505952322184e+18,frame_8510.jpeg,7814.0,-113.0,-971.0,1
1.6461505953145987e+18,frame_8511.jpeg,7794.0,-124.0,-996.0,1
1.6461505953344773e+18,frame_8512.jpeg,7769.0,-134.0,-996.0,1
1.6461505954037356e+18,frame_8513.jpeg,7779.0,-139.0,-1003.0,1
1.646150595434343e+18,frame_8514.jpeg,7816.0,-137.0,-1020.0,1
1.6461505955181573e+18,frame_8515.jpeg,7840.0,-141.0,-1054.0,1
1.6461505955427295e+18,frame_8516.jpeg,7856.0,-149.0,-1102.0,1
1.6461505955851075e+18,frame_8517.jpeg,7876.0,-151.0,-1157.0,1
1.6461505956516667e+18,frame_8518.jpeg,7966.0,-157.0,-1238.0,1
1.646150595705164e+18,frame_8519.jpeg,8297.0,-6.0,-970.0,1
1.64615059575347e+18,frame_8520.jpeg,7568.0,-511.0,-1246.0,1
1.6461505958033946e+18,frame_8521.jpeg,8084.0,-220.0,-951.0,1
1.646150595853958e+18,frame_8522.jpeg,7794.0,-430.0,-1205.0,1
1.646150595891089e+18,frame_8523.jpeg,7812.0,-128.0,-1128.0,1
1.646150595952585e+18,frame_8524.jpeg,7875.0,-36.0,-1117.0,1
1.646150595992538e+18,frame_8525.jpeg,7948.0,45.0,-1085.0,1
1.6461505960601574e+18,frame_8526.jpeg,7991.0,148.0,-1073.0,1
1.6461505960941325e+18,frame_8527.jpeg,7991.0,172.0,-1080.0,1
1.6461505961608765e+18,frame_8528.jpeg,7998.0,156.0,-1113.0,1
1.6461505962204488e+18,frame_8529.jpeg,8010.0,119.0,-1149.0,1
1.6461505962512573e+18,frame_8530.jpeg,8019.0,77.0,-1185.0,1
1.6461505963041477e+18,frame_8531.jpeg,8303.0,-159.0,-674.0,1
1.646150596353846e+18,frame_8532.jpeg,7969.0,26.0,-1114.0,1
1.6461505964045348e+18,frame_8533.jpeg,7791.0,-223.0,-1516.0,1
1.6461505964605348e+18,frame_8534.jpeg,7987.0,-333.0,-1275.0,1
1.646150596499458e+18,frame_8535.jpeg,7778.0,-250.0,-1061.0,1
1.646150596557095e+18,frame_8536.jpeg,7878.0,-198.0,-940.0,1
1.6461505966039805e+18,frame_8537.jpeg,8036.0,-308.0,-1245.0,1
1.6461505966524178e+18,frame_8538.jpeg,7809.0,-20.0,-1147.0,1
1.646150596705281e+18,frame_8539.jpeg,7934.0,-281.0,-1276.0,1
1.6461505967537848e+18,frame_8540.jpeg,7682.0,-626.0,-1036.0,1
1.6461505968046213e+18,frame_8541.jpeg,7812.0,-267.0,-1311.0,1
1.6461505968682074e+18,frame_8542.jpeg,7702.0,-47.0,-1171.0,1
1.646150596905424e+18,frame_8543.jpeg,8244.0,-140.0,-954.0,1
1.646150596951473e+18,frame_8544.jpeg,7561.0,-359.0,-1381.0,1
1.646150597004866e+18,frame_8545.jpeg,8185.0,-532.0,-1237.0,1
1.646150597057644e+18,frame_8546.jpeg,7926.0,-385.0,-1108.0,1
1.646150597105235e+18,frame_8547.jpeg,8161.0,284.0,-736.0,1
1.6461505971569165e+18,frame_8548.jpeg,7922.0,54.0,-786.0,1
1.6461505972113894e+18,frame_8549.jpeg,7872.0,-272.0,-1096.0,1
1.6461505972585044e+18,frame_8550.jpeg,8053.0,-422.0,-1148.0,1
1.6461505972991311e+18,frame_8551.jpeg,8124.0,-174.0,-1044.0,1
1.6461505973543885e+18,frame_8552.jpeg,7950.0,-174.0,-1063.0,1
1.6461505973947917e+18,frame_8553.jpeg,7879.0,-184.0,-1094.0,1
1.6461505974701993e+18,frame_8554.jpeg,7755.0,-188.0,-1199.0,1
1.646150597509977e+18,frame_8555.jpeg,7706.0,-208.0,-1265.0,1
1.6461505975611758e+18,frame_8556.jpeg,7669.0,-255.0,-1351.0,1
1.6461505976167173e+18,frame_8557.jpeg,7663.0,-326.0,-1442.0,1
1.6461505976560558e+18,frame_8558.jpeg,7908.0,-214.0,-921.0,1
1.6461505976879214e+18,frame_8559.jpeg,7834.0,-536.0,-1602.0,1
1.6461505977605335e+18,frame_8560.jpeg,8004.0,-304.0,-1372.0,1
1.6461505978011779e+18,frame_8561.jpeg,7957.0,-177.0,-1198.0,1
1.646150597862659e+18,frame_8562.jpeg,7553.0,-463.0,-1138.0,1
1.6461505979065016e+18,frame_8563.jpeg,8240.0,-655.0,-916.0,1
1.6461505979565996e+18,frame_8564.jpeg,7984.0,-529.0,-1234.0,1
1.6461505980073224e+18,frame_8565.jpeg,7873.0,89.0,-1257.0,1
1.6461505980564913e+18,frame_8566.jpeg,7890.0,236.0,-1012.0,1
1.646150598106342e+18,frame_8567.jpeg,8063.0,-507.0,-1057.0,1
1.646150598157462e+18,frame_8568.jpeg,7992.0,-496.0,-1070.0,1
1.646150598206761e+18,frame_8569.jpeg,7978.0,-202.0,-921.0,1
1.6461505982715082e+18,frame_8570.jpeg,8036.0,-143.0,-1223.0,1
1.646150598304315e+18,frame_8571.jpeg,8032.0,-142.0,-1238.0,1
1.6461505983466926e+18,frame_8572.jpeg,8027.0,-149.0,-1238.0,1
1.646150598381101e+18,frame_8573.jpeg,8030.0,-170.0,-1228.0,1
1.646150598460533e+18,frame_8574.jpeg,8031.0,-207.0,-1209.0,1
1.6461505985035566e+18,frame_8575.jpeg,8042.0,-232.0,-958.0,1
1.6461505985570624e+18,frame_8576.jpeg,8119.0,2.0,-944.0,1
1.6461505986158464e+18,frame_8577.jpeg,7797.0,-511.0,-1321.0,1
1.6461505986596032e+18,frame_8578.jpeg,7717.0,-649.0,-1339.0,1
1.646150598710862e+18,frame_8579.jpeg,7962.0,-209.0,-1264.0,1
1.6461505987564232e+18,frame_8580.jpeg,7861.0,14.0,-1119.0,1
1.646150598806251e+18,frame_8581.jpeg,7734.0,-646.0,-1589.0,1
1.64615059885733e+18,frame_8582.jpeg,8102.0,-455.0,-1014.0,1
1.6461505989102748e+18,frame_8583.jpeg,8022.0,-427.0,-1301.0,1
1.6461505989589793e+18,frame_8584.jpeg,7650.0,-81.0,-1285.0,1
1.646150599013477e+18,frame_8585.jpeg,7667.0,-72.0,-1319.0,1
1.6461505990434473e+18,frame_8586.jpeg,7660.0,-129.0,-1375.0,1
1.6461505990907722e+18,frame_8587.jpeg,7696.0,-144.0,-1283.0,1
1.6461505991566333e+18,frame_8588.jpeg,7854.0,-144.0,-1159.0,1
1.6461505992070164e+18,frame_8589.jpeg,7909.0,77.0,-1283.0,1
1.646150599241942e+18,frame_8590.jpeg,7864.0,43.0,-1336.0,1
1.6461505992858342e+18,frame_8591.jpeg,7846.0,13.0,-1361.0,1
1.6461505993527434e+18,frame_8592.jpeg,7828.0,-56.0,-1386.0,1
1.6461505994185516e+18,frame_8593.jpeg,7569.0,-88.0,-1460.0,1
1.6461505994526272e+18,frame_8594.jpeg,7525.0,-220.0,-1501.0,1
1.6461505994873134e+18,frame_8595.jpeg,7466.0,-371.0,-1590.0,1
1.6461505995580413e+18,frame_8596.jpeg,7413.0,-634.0,-1901.0,1
1.6461505996025175e+18,frame_8597.jpeg,7418.0,-716.0,-2033.0,1
1.6461505996520172e+18,frame_8598.jpeg,7741.0,-664.0,-2107.0,1
1.646150599670364e+18,frame_8599.jpeg,7877.0,-502.0,-2033.0,1
1.646150599758618e+18,frame_8600.jpeg,8022.0,-309.0,-1936.0,1
1.6461505998106547e+18,frame_8601.jpeg,8128.0,-149.0,-1836.0,1
1.646150599854879e+18,frame_8602.jpeg,8058.0,611.0,-1091.0,1
1.6461505999065774e+18,frame_8603.jpeg,7752.0,790.0,-1284.0,1
1.6461505999721523e+18,frame_8604.jpeg,7669.0,584.0,-1427.0,1
1.6461506000173258e+18,frame_8605.jpeg,7702.0,284.0,-1677.0,1
1.646150600038355e+18,frame_8606.jpeg,7558.0,-443.0,-2139.0,1
1.646150600143709e+18,frame_8607.jpeg,7812.0,-387.0,-1834.0,1
1.6461506001599946e+18,frame_8608.jpeg,7895.0,-51.0,-1443.0,1
1.6461506002123172e+18,frame_8609.jpeg,8116.0,48.0,-1601.0,1
1.6461506002600218e+18,frame_8610.jpeg,7640.0,-383.0,-1893.0,1
1.6461506003202721e+18,frame_8611.jpeg,8053.0,-499.0,-1260.0,1
1.6461506003509535e+18,frame_8612.jpeg,8203.0,-451.0,-1161.0,1
1.6461506004024205e+18,frame_8613.jpeg,8600.0,-362.0,-863.0,1
1.6461506004481068e+18,frame_8614.jpeg,8609.0,-306.0,-748.0,1
1.646150600480017e+18,frame_8615.jpeg,8576.0,-249.0,-611.0,1
1.6461506005617997e+18,frame_8616.jpeg,8552.0,-206.0,-507.0,1
1.6461506006057318e+18,frame_8617.jpeg,8525.0,-180.0,-441.0,1
1.646150600660712e+18,frame_8618.jpeg,7689.0,167.0,-1426.0,1
1.646150600709206e+18,frame_8619.jpeg,7996.0,246.0,-1337.0,1
1.646150600761174e+18,frame_8620.jpeg,8124.0,18.0,-1189.0,1
1.6461506008193446e+18,frame_8621.jpeg,8076.0,-43.0,-1209.0,1
1.6461506008595538e+18,frame_8622.jpeg,7126.0,-703.0,-1497.0,1
1.646150600908067e+18,frame_8623.jpeg,8371.0,856.0,-1449.0,1
1.646150600961215e+18,frame_8624.jpeg,8070.0,271.0,-1832.0,1
1.6461506010093407e+18,frame_8625.jpeg,7795.0,15.0,-1438.0,1
1.646150601058145e+18,frame_8626.jpeg,8100.0,-151.0,-749.0,1
1.6461506011283487e+18,frame_8627.jpeg,8482.0,299.0,-810.0,1
1.646150601163469e+18,frame_8628.jpeg,8562.0,413.0,-877.0,1
1.6461506012088448e+18,frame_8629.jpeg,8215.0,401.0,-1100.0,1
1.6461506012672804e+18,frame_8630.jpeg,8081.0,156.0,-1255.0,1
1.6461506013100316e+18,frame_8631.jpeg,8203.0,70.0,-1089.0,1
1.646150601358932e+18,frame_8632.jpeg,7774.0,-95.0,-1423.0,1
1.6461506014097162e+18,frame_8633.jpeg,8323.0,328.0,-1249.0,1
1.6461506014624064e+18,frame_8634.jpeg,7706.0,75.0,-1402.0,1
1.6461506015131218e+18,frame_8635.jpeg,7948.0,-16.0,-1689.0,1
1.6461506015579796e+18,frame_8636.jpeg,7383.0,82.0,-1909.0,1
1.6461506016114644e+18,frame_8637.jpeg,7735.0,-85.0,-1528.0,1
1.6461506016624934e+18,frame_8638.jpeg,7776.0,300.0,-1883.0,1
1.6461506017107162e+18,frame_8639.jpeg,7882.0,-364.0,-2166.0,1
1.6461506017632174e+18,frame_8640.jpeg,7253.0,-150.0,-2083.0,1
1.646150601815303e+18,frame_8641.jpeg,7960.0,-121.0,-1891.0,1
1.646150775181724e+18,frame_12104.jpeg,299.0,-3054.0,-6249.0,1
1.6461507752302467e+18,frame_12105.jpeg,-777.0,-1719.0,-6874.0,1
1.6461507752804823e+18,frame_12106.jpeg,2546.0,-360.0,-8191.0,1
1.6461507753303485e+18,frame_12107.jpeg,3743.0,-1379.0,-8034.0,1
1.6461507753800579e+18,frame_12108.jpeg,3782.0,-1725.0,-7013.0,1
1.6461507754302336e+18,frame_12109.jpeg,4862.0,-3334.0,-5958.0,1
1.646150775478903e+18,frame_12110.jpeg,5592.0,-3176.0,-4591.0,1
1.6461507755246958e+18,frame_12111.jpeg,5160.0,-715.0,-5653.0,1
1.6461507755777027e+18,frame_12112.jpeg,3805.0,1656.0,-6115.0,1
1.6461507756293645e+18,frame_12113.jpeg,3210.0,4787.0,-4528.0,1
1.6461507756797522e+18,frame_12114.jpeg,8271.0,6819.0,-4089.0,1
1.6461507757285924e+18,frame_12115.jpeg,4244.0,3891.0,-4072.0,1
1.6461507757790876e+18,frame_12116.jpeg,3104.0,1726.0,-4612.0,1
1.6461507758294548e+18,frame_12117.jpeg,4716.0,1255.0,-4537.0,1
1.6461507758782257e+18,frame_12118.jpeg,7725.0,1258.0,-4924.0,1
1.6461507759304924e+18,frame_12119.jpeg,7239.0,1874.0,-5890.0,1
1.6461507759787517e+18,frame_12120.jpeg,8146.0,1012.0,-4706.0,1
1.646150776030351e+18,frame_12121.jpeg,8395.0,2035.0,-3626.0,1
1.6461507760804982e+18,frame_12122.jpeg,7782.0,2547.0,-2754.0,1
1.6461507761293018e+18,frame_12123.jpeg,7281.0,2543.0,-2566.0,1
1.6461507761810483e+18,frame_12124.jpeg,6992.0,2155.0,-1785.0,1
1.6461507762012854e+18,frame_12125.jpeg,7104.0,2199.0,-1706.0,1
1.64615077628004e+18,frame_12126.jpeg,7214.0,2234.0,-1644.0,1
1.64615077628004e+18,frame_12127.jpeg,7214.0,2234.0,-1644.0,1
1.6461507763846717e+18,frame_12128.jpeg,7324.0,2285.0,-1590.0,1
1.6461507764623521e+18,frame_12129.jpeg,7431.0,2366.0,-1561.0,1
1.6461507764623521e+18,frame_12130.jpeg,7431.0,2366.0,-1561.0,1
1.646150776519676e+18,frame_12131.jpeg,7523.0,2469.0,-1594.0,1
1.64615077656979e+18,frame_12132.jpeg,7588.0,2568.0,-1650.0,1
1.6461507766885914e+18,frame_12133.jpeg,7641.0,2622.0,-1723.0,1
1.6461507766885914e+18,frame_12134.jpeg,7641.0,2622.0,-1723.0,1
1.646150776745233e+18,frame_12135.jpeg,7687.0,2623.0,-1778.0,1
1.6461507767913577e+18,frame_12136.jpeg,7721.0,2598.0,-1795.0,1
1.6461507768364813e+18,frame_12137.jpeg,7732.0,2563.0,-1804.0,1
1.6461507768364813e+18,frame_12138.jpeg,7732.0,2563.0,-1804.0,1
1.6461507769274772e+18,frame_12139.jpeg,7725.0,2526.0,-1793.0,1
1.6461507769799188e+18,frame_12140.jpeg,7626.0,2465.0,-1707.0,1
1.6461507770562788e+18,frame_12141.jpeg,7253.0,2216.0,-1610.0,1
1.6461507770562788e+18,frame_12142.jpeg,7253.0,2216.0,-1610.0,1
1.6461507771730045e+18,frame_12143.jpeg,7262.0,2192.0,-1603.0,1
1.6461507771730045e+18,frame_12144.jpeg,7262.0,2192.0,-1603.0,1
1.646150777229715e+18,frame_12145.jpeg,7295.0,2197.0,-1613.0,1
1.6461507772646607e+18,frame_12146.jpeg,7344.0,2184.0,-1620.0,1
1.6461507773444506e+18,frame_12147.jpeg,7441.0,2175.0,-1624.0,1
1.646150777381635e+18,frame_12148.jpeg,7556.0,2182.0,-1609.0,1
1.6461507774365148e+18,frame_12149.jpeg,7667.0,2199.0,-1581.0,1
1.6461507774365148e+18,frame_12150.jpeg,7667.0,2199.0,-1581.0,1
1.6461507775279885e+18,frame_12151.jpeg,7638.0,2070.0,-994.0,1
1.6461507775806226e+18,frame_12152.jpeg,7653.0,2113.0,-1025.0,1
1.6461507775806226e+18,frame_12153.jpeg,7653.0,2113.0,-1025.0,1
1.6461507776908672e+18,frame_12154.jpeg,7809.0,2450.0,-1159.0,1
1.6461507776908672e+18,frame_12155.jpeg,7809.0,2450.0,-1159.0,1
1.6461507778053148e+18,frame_12156.jpeg,8216.0,2215.0,-369.0,1
1.6461507778427968e+18,frame_12157.jpeg,7387.0,1707.0,-253.0,1
1.64615077788724e+18,frame_12158.jpeg,7403.0,1895.0,-512.0,1
1.646150777931112e+18,frame_12159.jpeg,7609.0,1695.0,-36.0,1
1.646150777949281e+18,frame_12160.jpeg,7660.0,1682.0,-17.0,1
1.6461507780211983e+18,frame_12161.jpeg,7691.0,1699.0,280.0,1
1.6461507780794867e+18,frame_12162.jpeg,7721.0,1558.0,-379.0,1
1.6461507780901622e+18,frame_12163.jpeg,7591.0,1852.0,253.0,1
1.6461507781831112e+18,frame_12164.jpeg,7552.0,2169.0,723.0,1
1.6461507782367493e+18,frame_12165.jpeg,8752.0,2317.0,114.0,1
1.6461507782829174e+18,frame_12166.jpeg,8017.0,2046.0,412.0,1
1.646150778345978e+18,frame_12167.jpeg,8244.0,1439.0,-36.0,1
1.6461507784082952e+18,frame_12168.jpeg,7536.0,905.0,-109.0,1
1.6461507784389773e+18,frame_12169.jpeg,9018.0,2288.0,-121.0,1
1.6461507784788173e+18,frame_12170.jpeg,7910.0,1114.0,-59.0,1
1.6461507785488666e+18,frame_12171.jpeg,7847.0,1158.0,-12.0,1
1.646150778599569e+18,frame_12172.jpeg,7888.0,1331.0,216.0,1
1.6461507786336274e+18,frame_12173.jpeg,8221.0,1840.0,1258.0,1
1.6461507786853443e+18,frame_12174.jpeg,9016.0,1868.0,-486.0,1
1.6461507787323958e+18,frame_12175.jpeg,7615.0,1443.0,268.0,1
1.6461507787668844e+18,frame_12176.jpeg,7514.0,1453.0,-20.0,1
1.6461507788505613e+18,frame_12177.jpeg,7572.0,1385.0,-118.0,1
1.646150778867292e+18,frame_12178.jpeg,7765.0,1281.0,-218.0,1
1.6461507789435052e+18,frame_12179.jpeg,7845.0,1259.0,-233.0,1
1.6461507789790403e+18,frame_12180.jpeg,8037.0,1167.0,-309.0,1
1.646150779031607e+18,frame_12181.jpeg,7416.0,1491.0,156.0,1
1.6461507790840315e+18,frame_12182.jpeg,7759.0,1340.0,-2.0,1
1.646150779128945e+18,frame_12183.jpeg,7382.0,1283.0,-296.0,1
1.6461507791862566e+18,frame_12184.jpeg,7174.0,1201.0,-201.0,1
1.6461507792300695e+18,frame_12185.jpeg,8000.0,1263.0,-964.0,1
1.6461507792786975e+18,frame_12186.jpeg,7942.0,1333.0,-1012.0,1
1.6461507793424458e+18,frame_12187.jpeg,7720.0,1365.0,-1009.0,1
1.6461507793704512e+18,frame_12188.jpeg,7433.0,1194.0,-904.0,1
1.6461507794215265e+18,frame_12189.jpeg,7111.0,1188.0,-691.0,1
1.6461507794843008e+18,frame_12190.jpeg,8157.0,531.0,-21.0,1
1.646150779531447e+18,frame_12191.jpeg,7389.0,1406.0,-765.0,1
1.6461507795862817e+18,frame_12192.jpeg,7999.0,1045.0,-1394.0,1
1.6461507796301435e+18,frame_12193.jpeg,7452.0,1301.0,-482.0,1
1.6461507796870497e+18,frame_12194.jpeg,7594.0,419.0,-824.0,1
1.646150779731338e+18,frame_12195.jpeg,8593.0,1056.0,-1112.0,1
1.646150779778558e+18,frame_12196.jpeg,8706.0,935.0,-1343.0,1
1.646150779836433e+18,frame_12197.jpeg,8098.0,1487.0,-1413.0,1
1.6461507798794806e+18,frame_12198.jpeg,7785.0,1119.0,-1139.0,1
1.6461507799364897e+18,frame_12199.jpeg,7803.0,1158.0,-1159.0,1
1.6461507799856463e+18,frame_12200.jpeg,7438.0,652.0,-863.0,1
1.6461507800341734e+18,frame_12201.jpeg,7979.0,830.0,-858.0,1
1.6461507800802524e+18,frame_12202.jpeg,8504.0,2165.0,-1390.0,1
1.6461507801346074e+18,frame_12203.jpeg,7533.0,714.0,-1194.0,1
1.6461507801817085e+18,frame_12204.jpeg,8362.0,304.0,-371.0,1
1.646150780234492e+18,frame_12205.jpeg,8336.0,1023.0,-1291.0,1
1.646150780284704e+18,frame_12206.jpeg,7998.0,2262.0,-1022.0,1
1.64615078033527e+18,frame_12207.jpeg,7113.0,979.0,-1236.0,1
1.6461507803825487e+18,frame_12208.jpeg,7639.0,457.0,-856.0,1
1.6461507804350326e+18,frame_12209.jpeg,7403.0,1014.0,-1027.0,1
1.6461507804861993e+18,frame_12210.jpeg,7918.0,1872.0,-1224.0,1
1.6461507805350275e+18,frame_12211.jpeg,8133.0,915.0,-688.0,1
1.6461507805819156e+18,frame_12212.jpeg,7563.0,751.0,-1007.0,1
1.6461507806363556e+18,frame_12213.jpeg,7929.0,444.0,-1105.0,1
1.6461507806804518e+18,frame_12214.jpeg,7843.0,632.0,-807.0,1
1.646150780731629e+18,frame_12215.jpeg,7978.0,837.0,-1181.0,1
1.646150780785074e+18,frame_12216.jpeg,8077.0,1153.0,-1117.0,1
1.6461507808365484e+18,frame_12217.jpeg,7756.0,1338.0,-1018.0,1
1.6461507808842414e+18,frame_12218.jpeg,8163.0,1103.0,-1352.0,1
1.6461507809342748e+18,frame_12219.jpeg,7333.0,1157.0,-835.0,1
1.6461507809848573e+18,frame_12220.jpeg,8534.0,1356.0,-1711.0,1
1.6461507810359104e+18,frame_12221.jpeg,7414.0,1139.0,-1273.0,1
1.6461507810870287e+18,frame_12222.jpeg,8870.0,1556.0,-597.0,1
1.6461507811349307e+18,frame_12223.jpeg,7280.0,750.0,-1113.0,1
1.6461507811853407e+18,frame_12224.jpeg,7818.0,997.0,-1943.0,1
1.646150781235466e+18,frame_12225.jpeg,7832.0,1358.0,-1647.0,1
1.646150781284766e+18,frame_12226.jpeg,7584.0,780.0,-1265.0,1
1.6461507813382234e+18,frame_12227.jpeg,7882.0,784.0,-1775.0,1
1.6461507813727393e+18,frame_12228.jpeg,8038.0,985.0,-2059.0,1
1.6461507814377009e+18,frame_12229.jpeg,7688.0,658.0,-1874.0,1
1.6461507814862397e+18,frame_12230.jpeg,7462.0,589.0,-1655.0,1
1.646150781537335e+18,frame_12231.jpeg,8421.0,1274.0,-2243.0,1
1.6461507815865203e+18,frame_12232.jpeg,7578.0,90.0,-1552.0,1
1.646150781641128e+18,frame_12233.jpeg,7758.0,1132.0,-1634.0,1
1.646150781689196e+18,frame_12234.jpeg,7299.0,1610.0,-1788.0,1
1.646150781736392e+18,frame_12235.jpeg,7484.0,1414.0,-1762.0,1
